,content,floor,id
0,引戰的味道,1,36
1,我轉出去 又轉回來了,2,36
2,"B1 
我轉過去就可以學中山猴子仔崩潰
反串成中山戰你們了",3,36
3,"你轉過去就是中山學生 不算反串了啊

我看你還是別浪費報名費ㄌ",4,36
4,啊！不廢話了 反正我考不上中山,5,36
5,考上去然後嘴高大阿  ㄏㄏ,6,36
6,"快考不然以後畢業證書寫中山大學楠梓校區很難解釋
講自己中山大學
「他媽的拉基學店仔裝自己中山大學喔」
講自己高雄大學
「他媽的拉基學店仔是還有高大喔佔了便宜還賣乖」
可憐喔QQ",7,36
7,講的好像很好考一樣幹,8,36
8,下去領五塊,9,36
9,自己的學校都拿來消費了 我看也沒前途了吧,10,36
10,乾泥良擊敗 嚇死誰啊 乾,1,37
11,樓上撿到槍,2,37
12,過氣,3,37
13,笑死,4,37
14,乾爹的老母雞白蘭,5,37
15,一人一把槍對開啊,6,37
16,還以為是光頭哥哥,7,37
17,感謝期中好運阿鐘,8,37
18,幹,9,37
19,b9 趴好,10,37
20,https://i.imgur.com/uO5sgjV.jpg,11,37
21,B11 我沒過絕對肛死ㄋ啦,12,37
22,"就當作是買帳引戰的吧
四大這種素質zzz
尤其是成大那個",1,38
23,"現在在學的畢業也是會備註原高雄大學

就算沒有，面試成績單一拿出來別人也知道你那間學校出來的

講得好像合併後我們無痛升級很爽一樣，其實根本沒差

反正現在看起來也是他們吞掉我們，將來母校也是會不見，乾脆不要併了，最後沒錢沒學生就收一收算了，省得在那邊被看不起",2,38
24,"別難過，真的併校後受益的也不會是現在的在校生，所以邏輯不正常的人都不需要為他們的話語生氣。
但！好的校名真的能讓我們在出社會找工作更有利，但膨風遲早會被拆穿，實力還是更有意義，各種層次上的意義。
當然也有我們自己的學生不知道是挺自己人還是吹捧害我們被貶低，下到高大 上到台大 只要有’人‘就會有蠢...，不會讀書或會讀書不代表就會有判斷抑或是真心瞭解‘中山與高大的併校‘過程，99.99%的學生我相信都是被污名的甚至有很多學生根本沒用迪卡就被冠上難聽的話。

真的不是高大學生想要找中山併校！
請理性對待整件事的起頭原因！！！",3,38
25,低能卡猶如照妖鏡般～,4,38
26,"— 高大學生想併校 —
他媽的垃圾學店，可以不要和這種學校併校嗎？ 我考那麼高分不是想和他們在一起

— 高大學生不想併校 —
他媽的得了便宜還裝高清，是沒有腦袋嗎？ 白癡學店不會讀書連腦都沒有嗎？

What! ☺️☺️☺️",5,38
27,"說真的學歷升級學生當然會高興，但還是會註記其實根本對就業時沒差

看他們校版之前有跟台大的合併的風聲，自己校內一堆也在高潮還好意思噴我們，整間學校留言都在那裝清高",6,38
28,"B5 你知道的太多了😂
反正被併怎麼講錯的都是高大學生QQ",7,38
29,我們學校什麼時候開學生的公聽會啊？還是不開？,8,38
30,要併不併都給我乾脆一點,9,38
31,"https://i.imgur.com/qxM27C6.jpg
中山自己頻頻想擴校，還一直嘴我們高大？🤔
一副併校這件事情，對中山只有壞處沒有好處，便宜都被我們高大佔盡了",10,38
32,"理性思考中山和高大想併校
那中山有什麼好處呢？",11,38
33,"B11
1.增加校地
2.趕快刪，當我沒說XD",12,38
34,B12 看到的時候飲料差點噴出來,13,38
35,中山大学? 咱只懂北京大学,14,38
36,"別太認真
高層沒表態也沒公聽會
感覺可能還有變數",15,38
37,"以其他併校的經驗來看

我們就算合併畢業證書大概也會註記原校系

根本沒有什麼爽不爽的 希望不要在戰這些沒意義的事情了

書讀得好不用去酸其他人 被酸也不用氣噗噗的亂嘴一通",1,39
38,"碩士班洗去別的地方就好啦
中山碩班有人想去讀？
高大是沒很強啦
中山是又有強到哪去
還不就騙人來南部讀書笑死",2,39
39,"笑死 高大就有人想讀膩

留言都這種水準活該被看沒有",3,39
40,"B4他們爽看沒有就看沒有R
你以為面試誰會在意學士班中山楠梓校區哈哈哈
都嘛看你論文寫什麼paper上過那些期刊
說實在多益考990都比指考多十分重要辣",4,39
41,講幹? 990跟指考多10分的難度能一起比是不是,5,39
42,今年指考分數484會衝一波惹？,6,39
43,"反正
不管那間
理組
都得乖乖蹲大碩
文組
文組讀哪裡有差嗎
QQ",7,39
44,"看完這篇新聞，我的問題是如果中山跟高醫及高大同時合併，仍然維持「國立中山大學」嗎？
其次，即使先併高大，後併高醫，仍維持國立中山大學校名？難道教育部就會放任不管嗎？
其實中山為名的學校，對岸已經有一間，校名只是差別在台灣是NSYSU，對岸是SYSU，請問區別度有差很大嗎？我覺得華人世界有一間學校以中山先生為名作為紀念就夠。再說，以校名對在地高雄人來論，到底是「中山」親切，還是「高雄」親切。
而以高雄為名，難道對岸也有同名為「高雄大學」的學校嗎？如果說全世界還有跟高雄大學的同樣英文名稱嗎？如果找得出來，我也同意用「國立中山大學」來作為合併校名？但事實上就是你打中山大學或sysu，就會是兩間姓名一樣學校出現啊!!!因此地區名，這就是我們高雄大學的獨特性。而且地區名大學只要經營好，雖然不見得要跟頂尖大學來拚，也是肩負高等教育的責任。
大家google一下，打nuk，一下就找到國立高雄大學，如果打sysu，還會出現廣州中山跟高雄中山，您覺得外國人對於sysu會有多大差異了解。",8,39
45,改叫蘿莉控大學好了,9,39
46,"87ㄛ 雖然爽換學歷 但你的實力有因此提升嗎 
沒有嘛! 那還是乖乖去讀書好了ㄏㄏ",10,39
47,B11 你確定是我們高大高層也同意「國立中山大學」做為未來合校之後的新校名嗎？您能代表高雄大學的學校高層跟大家說，就是合校之後名稱就是「國立中山大學」嗎？,12,39
48,是中山大學蚵仔寮分校,13,39
49,"果然在經費前還是不得不低頭啊
取個吉利點的
中山大學-發大財校區",14,39
50,"高完大
高完大
高完大",16,39
51,與其期待合併不如好好讀書比較實在,17,39
52,沒有惡意 但第三段很像學店生會講的話,1,40
53,"合併當然有好處啊

但高大合併只會被嘴說要佔人家校名便宜

何必熱臉去貼冷屁股呢

其實沒併也沒差阿



當初來讀高大 

大家都馬已經做好 高大就是這樣了的心理準備

高大招生也沒有打著說要跟中山合併來吸引學生阿

合併可以說只是一個額外的bonus而已

但不是必須給的

所以也不用強求說一定要合併吧",2,40
54,"笑死 
不知道為了中山填社工到底在想什麼
一堆那種低分的系在靠北高大學店

大概是因為當初為了上中山，所以拋棄高大分數差不多的系
然後現在要合併才在那邊惱羞吧
可憐ㄏㄏ",3,40
55,"學生怎麼想很重要嗎？
真的重要就兩校師生投票決定嘛",4,40
56,"b3 你講這些有比人家好到哪去？ 書讀不贏品德還差不多

人家想讀社工到底是乾你屁事",5,40
57,"B5 奇怪了 我就只是講述事實啊
你是轉到中山在那邊高潮嗎
阿就一堆社工和低分的系在那邊機機歪歪
你怎麼不先檢討他們
還是被嗆了之後還要給他們好臉色看？

我大資工被社工系講的比屎還不如欸",6,40
58,B6 原來是大資工阿提拉，失敬失敬,7,40
59,好啦 要一起爛我也管不了你  ㄏㄏ,8,40
60,合併就不是我們學生決定的 一直洗版是？,9,40
61,我還以為你在反串,10,40
62,我也以為反串 法律在考試版被奚落的還不過？,11,40
63,"各位小心啊中山會來看我們高大的板等等大家回應太嘴他們又要截圖到他們的板上來說
高大的回應好噁心",12,40
64,說真的中山其實也只是排在中字輩的後面而已講話口氣也不用這麼大,13,40
65,中山猴子🐒吱吱吱吱,14,40
66,B13 中字輩後面?中央下面不就是中山了?,15,40
67,"B15沒有歐
中字輩排名應該是
中央→中興→中正→中山",16,40
68,B16 你是反串嗎==中山電機平均指考要72 中興67 中正63 高大59,17,40
69,B17中山是文科為主欸！？怎麼會這麼高,18,40
70,B16應該是看科系啦單說學校排名除了中央是中字輩第一名其他不好排,19,40
71,"B17 中山跟中央是偏重2類科系的 https://i.imgur.com/66K8b8W.jpg
中山的研究一直是滿多的 二類分數很明顯在中央之下而已",20,40
72,B20你怎拿甲組的數據阿0.0,21,40
73,B21  107年的https://i.imgur.com/jUedANc.jpg,22,40
74,你有想過高雄大學運健休的感受嗎？,23,40
75,"B18 中山什麼時候偏文組了
b16 中正哪那麼高 光他在鄉下這點 分數就掉多少了 連台師跟北大都比他好了吧 早就不在4中裡面了",24,40
76,中央>中山>中興>中正吧,25,40
77,中山偏文組是很久以前的事了,26,40
78,"如果為了校名當初應該去清華
後來為了科系還是來高大",27,40
79,b25 中央>中山>中興>>>中正,28,40
80,"B27 跟你一樣，我當初選填志願全選一樣的科系，就到高大了
我覺得科系未來的出路比較重要o.o",29,40
81,"清華跟高大差那麼多
不先進清華在轉系？
選系是只差不多的學校才選系吧？例如地面尾跟私立頭？
哪有人四大跟學店在那邊選系的
反串？",30,40
82,B30 夠了，你學店系所就惦惦啦,31,40
83,"B31 我這樣說好了
你能上台大森林，但是你喜歡電機，你會選大葉電機嗎？

根本不會好嗎==

所謂選系是選分數差不多的學校，有一個是分數高的學校，一個是你有興趣的系所，才在那邊選系
就算你真的選大葉電機好了，
我敢說你有87%會去重考，
能上台大誰會跟你拿大葉電機的學歷
所以我才覺得樓上粉紅頭是在反串講幹話

很明顯就是分數前幾志願上不了，才在那邊說最後來高大
根本不關選系的事，分數就不夠==
不然你跟我說哪個清華哪個系分數比高大低？
竹教大嗎？
我也能上清華啊，只不過是合併之後才是清華生
說中字最低跟高大最高比還有機會
清大跟高大 你在開我玩笑？",32,40
84,"我覺得其實話不用說這麼死啦
暫且先不考慮是清大或是原竹教的科系
如果學測偏科比較嚴重的話 確實可能有些清大的科系是你可以選的
把國社的分數給英數自搞不好我也能上清大ㄋ",33,40
85,喔,1,41
86,喔是喔,2,41
87,學店仔都想得到的事情你覺得學校高層會想不到嗎,3,41
88,想法不錯 樓上嘴三小,4,41
89,我宣布不跟哈佛併,5,41
90,我也覺得自己長得不錯啊,6,41
91,說自己學店也叫嘴 玻璃484,7,41
92,我想跟台大併ㄏㄏ,8,41
93,真的 我想修教育學程 高大太糞沒有,9,41
94,想跟大葉併,10,41
95,想跟文藻併 阿斯~~,11,41
96,我想跟中山高中併ㄏㄏ,12,41
97,樓下想跟中山高中學生物理合併,13,41
98,我想跟中山高中的妹子合併,14,41
99,我絕對不會說我女友就是中山高中妹紙,15,41
100,樓上怎麼認識的,16,41
101,b8法律系的同學都這樣的嗎？,17,41
102,b15 求介紹,18,41
103,B17 ?,19,41
104,想跟高雄女中合體,20,41
105,其實中山大學也有教程,21,41
106,比較想跟文藻併 妹子特多,22,41
107,請問是林同學嗎?,1,42
108,請問你肝指數多少,2,42
109,有ㄩㄇㄇ顧客妹紙嗎,3,42
110,那你們那間有妹子店員嗎,4,42
111,以前在全聯打工過，想去的人需要強大的背肌喔XD,5,42
112,"生科全聯小姐還在嗎？
那大腿真的騷",7,42
113,不缺棒子只缺妹子,8,42
114,有妹子店員 也有妹子顧客 各位放心應徵,9,42
115,https://www.dcard.tw/f/nsysu/p/231051652?ref=android,1,43
116,搞的好像是學生在決定一樣,2,43
117,"無痛升級當然併
拜託 被罵也就一時的
畢業那張名字可是跟著一輩子",3,43
118,好多兇宅QQ,4,43
119,Dcard 跟 PTT 看看就好，不用太認真,5,43
120,"也來說個實話
中山那種破校舍破環境看了就讓人不想讀，高大環境實在美多了",6,43
121,"b6
妳是認真的嗎？

拜託別讓人以為高大學生
是用校舍環境來作選校標準
說出去會被笑死",7,43
122,"嘴我們爛沒話說
但不用讀書也能上這句話留給四大的說吧",8,43
123,"已經考上中山研究所，但放棄了(去讀別的學校)
我說的不是「宿舍」，是整個校區環境，真的醜到爆炸，校舍進去感覺像危樓",9,43
124,"b9
抱歉看錯

不過還是讓人覺得妳把校舍環境也看得太重
妳484忘記上大學不是來觀光啊",10,43
125,B10 等要回大學拍婚紗就知道了,11,43
126,這粉頭念大學是為了觀光的嗎,12,43
127,"是兩校高層在談
學生覺得不屑還是怎樣也不是我們能處理的
高大算不錯的學校，但再怎麼期待高大的未來發展，那精美的經費真的不給面子QQ
中山學生有反彈聲浪才正常好嗎！
要是支持聲浪比較大
就換我們擔心我們這學校是不是地下藏黃金了～～
我們又沒求人家併，現實環境使然才妥協好嗎@@
中山部分學生眼中：
   中山：不要過來哇～
   高大：嘿嘿～baby 我來囉><
事實：
   中山：這TM都第幾次了？你還不肯看清現實嗎？我都承諾帶你飛就差你點個頭惹
   高大：唉～為了未來生存，就算不願意，但事實是這一把早晚得跟你賭，你飛行技術最好夠好別掉下來o.o

嗯……大家期中考加油",13,43
128,"我覺得高雄大學創校本來不是要讓中山合併，而是要為高雄地區的高等教育注入新血。
反過來思考，一定要跟中山合併嗎？我們可以跟高科大、高師大合併，特別是高科大，他們更能接受「國立高雄大學」，大家都保留「國立高雄」開頭的名稱，而且大家校區又近，若能合併後人數直接破三萬人，跟台大人數還有得拚。
而且我們的合校小組是要找「高雄地區公立大學」來合校 ，高雄地區又不只有中山一間，如果我們跟高科談合併，就可以成為真正高雄地區最大而且名稱最符合高雄的大學。",14,43
129,連法律系都開不起來的學校在那邊嘴秋==,15,43
130,"B15 拜託不要說這種話
很丟臉
也不想想高大法學院排名在哪……",16,43
131,"B16 笑死是要丟什麼臉
高大法排名再後面
中山事實上就是開不起來
就算合併變中山法學院
法學院排名還是一樣台政北東
合不合對我們來說根本不痛不癢
中山最愛嘴的級分
他們最高分是跟我們法律差多少？
最看不慣那種掛著中山的名字就跩個二五八萬
是有多行？分數多高？
資源很多怎麼自己法學院開不起來？",17,43
132,"B17 我是覺得
中山根本不在乎有沒有法學院
每個學校本來就有不同的發展科系
不會因為有法學院就比較厲害

除了法學院
其他的科系兩校幾乎重疊
就分數平均來說確實是他們比較高
我想他們不願意也是很正常

高等教育因應少子化本來就要整併
如果大家態度都好點
我想不管怎麼併
對雙方來說都是好的
不想讓別人瞧不起
那就用實力說話吧",18,43
133,也只敢在這嗆而已啦 哈哈,19,43
134,"中山為何要一直找別人併校啊
是不是自己快撐不下去了",20,43
135,每個人都拼起來,21,43
136,"高學歷的學生也只是醬子而已啦～
你以為你是政客嗎？
藍綠也吵，什麼都吵，吵了對你的未來有幫助嗎？
臺灣只是被這群人給拖垮，麻煩好好為臺灣經濟打拼，別再做這些愚昧的事了。
高學歷是要拿出你的實力證明自己有能力對社會貢獻的。",22,43
137,"我實在不想熱臉貼冷屁股……
而且事情都高層在做 直接罵對方學校比較高尚？",23,43
138,"什麼高學歷...也才高五級分而已就老二翹到一邊去？
以學歷判別人品不可取",24,43
139,高大有財管捏...只是我們叫金管..,25,43
140,高醫除了醫藥牙還有哪些60級分以上的？,26,43
141,中山的成績有很高嗎，呵呵,27,43
142,"是說當初我分數就同時上高大跟高醫
結果 最後來讀高大呢
很想請問那些人 高醫真的有比較好成那樣嗎
高大到底哪裡需要被踐踏成這樣",28,43
143,想起認識蠻多50級分靠繁星上中山～,29,43
144,"考上中山研 但放棄直接念政大
稀罕嗎",30,43
145,"還好留高大讀碩士
撿現成ㄏㄏ",1,44
146,"學測總級+6
指考+50分   而已啊
還不是被35%屌打 

西西",3,44
147,推個,1,45
148,頂,2,45
149,推 很棒的,3,45
150,"一點都沒錯
頂上去",4,45
151,推,5,45
152,"推😢希望大家能好好關注 
別再用政治冷漠這種話而不關心
清醒一點啊（搖肩膀）
台灣正因為你的冷漠一步一步消失了",6,45
153,風向文 噓,7,45
154,推,8,45
155,掛國瑜大學的頭銜出去會找不到工作嗎？,9,45
156,「對政治冷漠的下場，就是被糟糕的人統治。」—柏拉圖,10,45
157,先吃韓總牛肉麵 看看韓天台 壓壓驚,11,45
158,韓流來襲 瑞斯一打五,12,45
159,#幫高調!!　台灣已經進入準戰爭狀態了(持續更新)  https://www.dcard.tw/f/mood/p/231026207?ref=ios,13,45
160,"上網酸一下而已啦
併不併我不怎麼在意",14,45
161,沒思考能力只會被綠色網軍牽著鼻子走的大學生真好用，選前搞這招要大家投誰台灣才不會被統一，真好玩！,15,45
162,B15 Dcard網軍進駐，統獨問題吵起來！,16,45
163,"只是希望你們關心一下
沒有要你們全盤接收啊
一般人還是要有媒體試讀能力的吧
是不是假新聞自己不會判斷嗎？

難道你要假裝都沒看見這些正在發生的事嗎？
這問題是台灣一直面臨的困境啊
為什麼不正視它",17,45
164,"好幾年前網路上就出現一堆簡體字粉絲專頁，那為什麼現在才要被放大討論？
對岸有百萬以上的網路解放軍整天對於對岸網友進行監視。
人本來就要居安思危而不是在選舉前使用恐慌式的手段恐嚇人民。
兩種黨派傾向的媒體都很智障
而這幾天的""""購買粉專""""我覺得演得很假
但是資訊戰無時無刻都在進行",18,45
165,高大這水平還是不要害中山吧,19,45
166,B19  水平,20,45
167,前進 前進 前進進,21,45
168,"水準啦，水平是什麼鬼
要不要說是垂直關係算了",22,45
169,五毛開始洗地,23,45
170,"我大正統官媒眼球中央才po70萬收購文呢
中肯小兔也一堆留言記錄
還有人在買粉專很假
哈哈哈哈哈哈哈哈哈哈",24,45
171,可是沒有校名連進去後讓人踢出來的資格都沒有欸,26,45
172,"b15
所以對於這些現象以及和平協議的內容你有什麼高見？還是套人家顏色後就說對方講的都是錯的？真好奇你的思考能力是指什麼呢！",27,45
173,討論合併也可以扯政治頗腦,28,45
174,"某樓也很好笑
跟你立場不同就是沒有思考能力、只會被牽著鼻子走
對喇 別人都是白痴 你最棒了好不好",29,45
175,"B18 
最近被放大討論是因為臉書把大量假帳號給砍掉
他們才要跟臺灣人買帳號",30,45
176,中國台灣,31,45
177,各位，該投筆從戎了吧！那麼擔心國家覆亡，不如拿起槍來報效國家，現在賴祥慶教官也十分歡迎大家不分男女，過來找他簽志願役，並且還有ROTC的計畫可以簽，國家幫妳付錢讀大學，還可以報效國家，這種事情你們這群忠君愛國的義士還不心動報名嗎？說擔憂害怕的還不趕緊拋頭顱，灑熱血，將自己的性命貢獻給國家吧！就算死也要多帶走一個共軍，這樣你也是國家的義士。,32,45
178,b6該簽下去了，馬上詢問賴教官，怎麼服志願役的問題！國家的安全，就靠大家守護了！,33,45
179,都考到這了還不白痴嗎…大家都是啊,34,45
180,"你就當眼睛業障重就好啦
沒什麼好亂的@@
人家風流一波四處調情乾你P4
一堆程序還沒過
中山校長說兩句就在那意亂情迷，要當純情大學生也不是這樣，連假無聊不會念書哦，期中不用考試是嗎？",1,46
181,https://i.imgur.com/RziVtfo.jpg,2,46
182,沒人在乎你怎麼想,3,46
183,"人家排名比我們高就是可以任性
不爽就快去讀書",4,46
184,"高醫→絕對不可能
海科大→已經被別校併了

你的資訊是不是用飛鴿傳書啊？",5,46
185,我是覺得啦 與其有時間在那奢望跟中山併校 還不如想想你研究所該怎麼考上去 要不然也有轉學考  只會在鍵盤前面打字 就奢望能換個名稱 問問你自己做了甚麼努力吧  如果沒努力 那你跟路上的乞丐有甚麼不一樣,6,46
186,我沒要考轉學考 這裡很好 也沒要考研究所 家族企業 所以人生勝利組 也就不用跟你一樣悲哀,7,46
187,當一個有錢的乞丐也不錯 總比你是個沒錢的書生,8,46
188,可憐,9,46
189,不瞞你說我爸是郭董啦 哈哈,10,46
190,郭子乾嗎？,11,46
191,其他學校表示 高大那位？,12,46
192,"你把併校當感情談啊？ 人家有更好的利益當然去追求啊

難怪人家不想跟高大併哀哀",1,47
193,先有誠意再來談吧 韓市長都說要你儂我儂,2,47
194,"b1 況且前校長也這樣比喻 也無可厚非  
高大校長黃英忠曾幽默地將兩校合併比喻為男女交往，認識之後總要彼此深入了解，才論及婚嫁。他對整併的態度是「自然發展」，中山有中山大學的目標，高大也有自己的目標，大家一起努力，待時機成熟，不需要勉強任何一方，自然水到渠成。",3,47
195,"中山校長鄭英耀曾說：高醫合併須「姻緣俱足」.
這豈不是也是感情論調",4,47
196,"我也覺得🤔🤔🤔
明明很多教授在說
可是檯面上都沒新聞
只有跟高醫合比較有新聞",5,47
197,董事會表示：可以啊 中山並進來 多了一片校區 賺,6,47
198,這會是公私合併的經典嗎,7,47
199,但是老實說跟高醫合併的困難性很高...公私併不容易,8,47
200,名字變中山大學不錯啊 不然講到高大誰會知道 每次都要解釋半天  直接說中山分校不是很簡單,9,47
201,"b3 自己都說幽默的比喻了你還認真

如果人家真的這麼想你還需要發這篇文嗎

跟高醫併的好處絕對遠大於高大 你要人家因為這麼蠢的理由放棄這個機會 中山學生會怎麼想？",10,47
202,那麼久了是有做出什麼成績啊,11,47
203,"話說我們學校有打算開公聽會嗎？
就算真的不打算參考學生們的意見，好歹說明一下學校的整體狀況與未來規劃吧！？",12,47
204,"B10 教育部不太熱衷呢
https://www.google.com/url?sa=t&source=web&rct=j&url=https://www.kstudy.com.tw/TopNews/NewsContent.aspx%3Ftype%3D6%26no%3D13954&ved=2ahUKEwifxIH7uLvhAhWLEbwKHf2EBAsQFjADegQIAxAB&usg=AOvVaw3T_f91wC3emf-p5Ee8Y-lV&cshid=1554552994836",13,47
205,我只記得我們那時候黃英忠校長新生訓練的時候說要讓高雄各大學合併 新校名叫高雄完全大學 我只覺得簡稱會很好笑...,15,47
206,認真說我覺得最幼稚的發文者就是你，喜歡沒事找事做，都懷疑你其實不是本校學生了🤔,1,48
207,"說得好像你標題都沒歧視一樣
你的標題是貼 """"國立高雄中山大學“
要如何感受中山學生的感覺?
就好像我們被叫“中國台灣“一樣
在還沒正式合併前
誰也不屬於誰阿",2,48
208,發一篇韓國瑜大發財應該也會紅,3,48
209,你很過分,4,48
210,隔岸觀火 燒不到我,6,48
211,真是看戲不嫌事大，但麻煩克制一下你製造樂趣的衝動，真的是嫌放假無聊欸……,7,48
212,"是真的很好笑
看這些低卡文真舒壓哈哈",8,48
213,https://i.imgur.com/IaTP9I8.jpg,9,48
214,有沒有本來就是中山的一個院變成整個大學的卦勒,1,49
215,"我個人是滿樂見的啦，先不說升不升級，光是學術研究跟讀書風氣的提升高大就應該謝謝人家了🤔。
而且合併之後學校的經費也會更多，看看高大的校地吧，87％都是草皮跟樹木，如果可以多蓋一些系館之類的就好了",2,49
216,我個人不反對併校 但要彼此善意的回應 不要顧左右而言他,3,49
217,一個有地 一個有猴 是要蓋動物園喔,4,49
218,"也可以啊 不然我們養牛好了 高大牧場
直接業配",5,49
219,B3 其實中山也不是最近才想併高大吧，可能每換一任校長就要提一次看看有沒有機會,6,49
220,反正我能理解為什麼中山一直嘴我們,7,49
221,拿出誠意來併校再說 嘴我們很爛 還一直要來談併校,8,49
222,"可是上次談判破裂是高大方反對耶
(之前在系辦聽到老師們在討論的，說上一屆的校長不想失去""""校長""""的名位",9,49
223,B8 那個是因為有幾個腦殘去引戰，沒辦法,10,49
224,我們自己也要提升自己 自己也不要一直想靠別人升級,11,49
225,B9 可是你看在名稱上 他們就不願意讓步 也能看出他們強勢的部分 我們破裂 也是合理,12,49
226,"嘴我們爛的是學生 想併的是學校 哪能一起說啊？
而且偏激的學生每間都有倒是不用太在乎

另外併校跟結婚差這麼多 拿來比喻有點怪",13,49
227,"對呀，但是合併之後重要的不是名字，而是資源，能夠提升自己能力的資源變多了、可以競爭的同學變多了、能夠請教的教授變多了，總之目前看來合併對高大學生絕對是Z＞B
至少我認為名字不會是高大學生拒絕合併的好理由🤔",14,49
228,如果我是中山的名字我也不會讓步,15,49
229,高大鮮乳,16,49
230,推神譬喻,17,49
231,"不想併校真的是白痴 
我們直接跳級還不謝謝人家
糾結於校名⋯⋯⋯⋯有夠智障",18,49
232,"B18 你好像搞錯什麼，糾結的是校方不是學生

校方也有立場不想要被吃掉，不過最後還是妥協了",19,49
233,b19 他是指校版某些發言吧 你才搞錯了,20,49
234,你這樣說我們委屈，等一下中山的又會生氣嘍,21,49
235,無聊！又不是學生要求併校的，是在戰什麼...,22,49
236,"就看好戲順便打打嘴砲阿
我相信真的在意的人不多啦",23,49
237,有人想看我的高大鮮乳ㄇ,24,49
238,樓上 嘔嘔嘔嘔嘔嘔 藍頭不要盜粉頭的帳號la,25,49
239,b24好,26,49
240,什麼時候要正式命名國瑜大學,27,49
241,樓上拜託不要,28,49
242,b27 改成那個我可能要燒畢業證書了,29,49
243,"有中山商管，誰會來這裡???
有些例子只是你不知道，不代表沒有。
話說你知道你們系就有一個人是考70級分左右的嗎🤔",1,50
244,一個沒禮堂沒社團大樓碩班沒人考的學校能強到哪去,2,50
245,"大家年輕血氣方剛的比較排名比較資源這是不怎麼意外，但是來高大學習是事實，不如好好的專注在提升自己能力，會比起抱怨四年嘴砲四年還要有收穫。

要演讀書人就演的像一點",3,50
246,"是說高科的理組真的有他自己說的這麼強嗎？
我文組不懂",4,50
247,"高科大那種學店生超愛戰高大 中山
前陣子才一篇那邊炒到後來在討論美食的
自己為地名後面加科大就是台科北科企業愛用
學測5科4x 5x就有的學校
就算地上有槍我還是不敢撿啦",5,50
248,"淡江就以為自己超越中字輩啊
還有逢甲的湊熱鬧",6,50
249,淡江 ㄏㄏ,7,50
250,"愛嘴就給他嘴吧
充實自我比較重要",8,50
251,打炮學校也敢來吵？,9,50
252,"師大現在不是只剩台師大能看嗎？
我當時彰師大化學連填都不想填
結果被彰師的嘴我也是?_?",10,50
253,淡江啥小啊,11,50
254,所以我很多同學研究所都往上考 不想用高大學歷找工作0.0,12,50
255,"TMD淡江啥時跟真理並啊
名字都想好了叫淡真大",13,50
256,B13淡江沒有倒閉就不錯了,14,50
257,"絕對不輸彰師 我那時候分數躺上 50級分彰師差不多
淡江 就那樣別太期待了",15,50
258,黑啊成績都能上彰師高師一類oAO,16,50
259,彰師也出來嘴 哈哈哈,17,50
260,彰師高師高醫 化學當初連填都不想填,18,50
261,啊是吵完了沒,19,50
262,"B19
感覺連假大家都很無聊，而且又是精力充沛的大學生，所以大概還沒！
我下週要考試，先去讀書惹 唉唉@@",20,50
263,B20 這才是優質高大生，那些愛戰的搞不好都被當光了才在添亂,21,50
264,欸不是，淡江仔也好意思嘴,22,50
265,"阿就一群""""頂大""""的魯蛇吃飽沒事幹",23,50
266,"隨便啦 
中字輩以下對企業就都差不多了
大部分又不會分那麼細",24,50
267,有點兒傷心阿 看高大被嘴成這樣qq,25,50
268,B25 沒辦法，我們本來就理虧，還有一堆激動仔去留言亂嗆。,26,50
269,淡江還敢來嘴炮啊 連國立都沒有 可撥,27,50
270,我有個讀淡江商類的也看我沒有啊哈哈哈,28,50
271,b28那你有嗆回去嗎?xd,29,50
272,"傻眼 彰師公育我隨便上欸 但寧可來高大法
彰師 高師也只是聽著好聽而已==",30,50
273,"B28 懶得講xd
而且一說到高大每個人的反應都是:（喔喔，你們三間全部併一起了對吧）,不知道有沒有人也遇過一樣的事情",31,50
274,"B31 都說：喔喔，高雄科大對吧
我：",32,50
275,"親戚:讀什麼大學
    我:高雄大學
親戚:高雄哪一間
    我:？？？",33,50
276,是以前的高雄工專嗎,34,50
277,B9 打炮學校是哪間啊,35,50
278,"要是那些私立學校真那麼強
怎不去跟頂大併校
沒有稱過自己的斤兩還嘴硬
我也沒覺得高大強到那裡去啊
但至少夠贏私立嘴砲仔",36,50
279,B35 聽他講感覺是高科？,37,50
280,"還是要看自己造化如何
不要妄自菲薄

痛恨那些吃碗內 看碗外的人
就像每天都在唱衰台灣很爛
卻一直用台灣健保的人
真想罵他們幹你娘老機掰

這裡雖然不是名校
也不是能保障就業高薪的地方
但他能提供你努力認真學完
出去工作不會只有22K的地方
是當這裡的學姐學長校友都是垃圾 是嗎？
很多都能夠撐起一個家庭
有房有車
甚至旅足全世界
自己要爛 不要嘴跟著爛
好好唸書 乖乖不蹺課
才是生存王道",38,50
281,B35淡江吧,39,50
282,我自願的啊，覺得東語系很特別而來的,40,50
283,"我就很心甘情願啊
我放掉中山外文來高大",41,50
284,B35 淡*,42,50
285,"https://www.dcard.tw/f/exam/p/231024548?ref=android
。。。嗚嗚",43,50
286,"其實看大家互鬥也蠻有趣的啦
他們真正該做的事情不做的話也不會改變目前的事實",44,50
287,B37 B39 B42 可是我在高大也都在打砲啊 這樣我們也是打砲學校ㄇ🤔,45,50
288,B45 夢醒了沒 ㄏㄏ,46,50
289,B46 蛤？你在說什麼,47,50
290,"各位，我是建議不要批評其他學校，現在就是五大四中在嘴我們，我們如果再去說其他學校也不好，這樣我們跟某些特別優異的他校同學的思考是一樣嗎！
再者回到現實，大家生活中或多或少也有念私立朋友，難道他們就那麼低劣不堪嗎？不，有時候他們也是我們最好的朋友，說一是一的人也不少。請大家將心比心，請不要說其他學校如何。
當然，如果高大被其他校攻擊，其實我們並沒有比他們低劣，反而我們更要戰出來。有人說邏輯不好，說難聽一點，那些前面學校罵我們就都正確嗎？今天你不回嘴，他們也不會放你甘休，還是用看不起你的心態繼續看你。
念高大沒錯，錯的是用一種歧視心態被看或看人，這才是令人感到失望。",48,50
291,"照時程合併大概110學年度完成合併招生吧
可...可惡，剛好前一年畢業",1,51
292,延畢延起來~~~,2,51
293,樓上兩位學長可以回來補畢業證書ㄅ?,3,51
294,我猜證書會變成 中山大學（楠梓校區）,4,51
295,B4 不會，只有中山大學，哪裡校區只是學校內部區分，對外還是中山大學,5,51
296,"(二) 在合併的時程上，考量諸多因素，應把握良機加緊作業

其實兩校的高層都很希望在自己的任內能完成一個大業      算一算大概明年7月就會合併了ㄅ",6,51
297,B6 希望真的可以這麼順利,7,51
298,很好啊 叫高雄大學誰知道 改中山沒什麼不好吧 哪家大企業知道高雄大學==,8,51
299,改高山大學也不錯,9,51
300,B9 支持,10,51
301,那只是一場遊戲一場夢,11,51
302,已畢業的可以回來換畢業證書嗎,12,51
303,還以為愚人節沒過完😂,13,51
304,"https://i.imgur.com/pmcxxbd.png
https://i.imgur.com/Gdp01zf.png",14,51
305,唯一支持高完大,15,51
306,乾一個中山 啊一中各表勒,16,51
307,"改名就改吧
併校是目前的趨勢
希望我們高層不要再做無謂的堅持",17,51
308,別傻惹人家想要的是我們的地還有法學院,18,51
309,嗚嗚嗚被盯上惹,19,51
310,洗起來,20,51
311,"想要地和法院是事實啊
但有什麼不好嗎？
他們要地要法院就給他併阿",21,51
312,反正校名換掉 地和法院都給他都沒差,22,51
313,嗚嗚嗚 高大還沒成年就要不見了,23,51
314,高大今年18歲ㄅ?,24,51
315,B4 B5 畢業後再回來換會括號原高雄大學吧,25,51
316,畢業證書你們參考竹教比較實際,26,51
317,"B24 19歲了
我還親眼看校長切生日蛋糕呢",27,51
318,"我個人是不覺得併了對法院有什麼實益啦(⁎⁍̴̛ᴗ⁍̴̛⁎)
如果他願意把缺的師資補齊那另當別論",28,51
319,"B28
我比較樂觀啦
如果人家很想要法院
應該就代表之後願意投入比較多預算在我們身上吧
不然法學院整棟建築這麼醜 老師也不夠",29,51
320,成年是20啊,30,51
321,未來總算有中文系妹子了,31,51
322,樓上肥宅去抱你的初音抱枕，乖,32,51
323,還好我男友喜歡商科妹紙，沒有喜歡文科女孩(*¯︶¯*),33,51
324,B32 肥宅錯了ㄇ?QQ,34,51
325,叫國立高雄中山大學倒還可以,35,51
326,B35 這已經不可能了，資訊請跟上進度，不要再出現害無辜同學被罵的言論了,36,51
327,很難說  何時變調都有可能,37,51
328,B36 所以最後是決定校名是什麼,38,51
329,"B39 這是中山大學的校務會議，決議用「國立中山大學」，並非兩校合校小組決議的名稱。
妳現在是怎樣，中山大學校務會議說了就算嗎？ 他們只是說「建議維持以」國立中山大學為名。也就是說中山校務會議單方面提出，還不是兩校合校小組的會議決定。
請不要以中山大學校務會議當做就是合校小組會議的決議，讓其他同學混淆，謝謝你。
https://i.imgur.com/FGbNnCK.jpg",40,51
330,對啊 片面之詞 如何全面概化,41,51
331,"B42 那還是要合校小組的會議紀錄為主，現在只要聽說、誰說，就可以決定嗎？
好啊，你說高大那位老師或高層也同意用「國立中山大學」做為合校名稱？",43,51
332,"而且新聞比較夯是 中山跟高醫
https://m.ltn.com.tw/news/life/breakingnews/2748758",45,51
333,B44 你還沒說，那個老師說並且決定就是以「國立中山大學」為合併校名,46,51
334,"B47 不要用「他」，是那系的老師？總有個名字吧
現在學生不是最討厭黑箱嗎？直接秀出到底那位老師（名字）說啊",49,51
335,B50 我沒看過你，我怎麼知道你笨還是聰明。妳不要隨便給我打迷糊，你從那系那位老師聽到已經決定名稱。,51,51
336,"B50 你怎麼刪留言，我都幫你備份好
http://i.imgur.com/2ge1sgp.jpg",52,51
337,B53 我沒說你騙，我說你打迷糊不說啊，到底那位老師說的？,54,51
338,"這是剛剛B42的備份，我ㄧ直問粉頭妹，到底是那位老師說，並且說是那位老師名字，她就開始刪留言
https://i.imgur.com/9jxu0W8.jpg",55,51
339,高雄大學 生命科學系,1,52
340,專心上生化好嗎同學,2,52
341,"低調
再高潮又要有外校的來嘲笑靠北了",3,52
342,其實併校之後根本就沒有高大了吧 哪來的起飛,4,52
343,"低調低調再低調
謙卑謙卑再謙卑",6,52
344,等真的併校後再說，免得他校又說我們自慰,7,52
345,"可撥欸== 
如果你是大二的，你知道這樣代表推甄除了書卷以外根本推不出去嗎
為什麼？
中山學生直接屌打....你以為面試的時候教授不會問嗎....

而且聽說大二和大三這兩屆素質很爛
平均90能拿系一是要笑死誰.....
我們那屆平均90都不知道有沒有前十",8,52
346,"出大事了！ - Dcard
https://www.dcard.tw/f/nsysu/p/230935724?ref=android",9,52
347,B9 為他們難過要跟我們學店併,10,52
348,"等等我們是不是又會被噴啊
國立高雄中山大學 - Dcard
https://www.dcard.tw/f/exam/p/231012507?ref=android",11,52
349,B11 是又哪個白*發文，尼瑪很愛被嘴么,12,52
350,只好洗學歷了(說得簡單,1,53
351,可以換吧? 我106的都想回去換了,2,53
352,不是可以換嗎,3,53
353,所以你帶的風向是誰吹的？,4,53
354,"其他學校併校都不能換了....

如果高大有特別公告那我就不知道",5,53
355,如果你們指的換是在證書後面括號寫原高雄大學XX系例外啦....,6,53
356,"我這裡指的是併校後的校名，
在畢業前併校的話才不會寫原XX校，
不然有換跟沒換、有併跟沒併不是一樣嗎？反正都清清楚楚寫了原高雄大學了",7,53
357,B2 B3 B4,8,53
358,"那麼想要中山不會轉學喔
放心啦你絕對等不到併校(還在協商)",9,53
359,畢業證書遺失來補發就好www,10,53
360,"來潑冷水囉
畢業後如果你想要用你的學歷，還是要附上大學成績單，可是大學成績單就算併校也不會改成中山
...乖乖頂著高大學歷過一輩子吧",11,53
361,延畢衝三小? 只有改名後新招的一屆才是不會注記的，其他不管你延畢幾年都一樣,12,53
362,阿是不會轉學考去運健修再內轉其他系喔,13,53
363,b11大學成績單看公司吧?0.0,14,53
364,"B14 別傻了，公司的人事部門也是過來人，很清楚不管那所大學都會有混全程的垃圾
除非你去應徵那種只要勞力不用頭腦的工作，不然絕對逃不過看成績單這關",15,53
365,"標題說不能換 
結果內文又說可以
你到底在幹嘛阿?",16,53
366,"b15
大學成績好不代表什麼吧？肯上課抄抄筆記就會好了根本不是真實力，我們班這次研究所考試班上前幾名的四大四中都落榜，反而是平常2~30名的考上四大，如果能在對外考試拿到證照或是什麼的我覺得才是真的。",17,53
367,"推b17
實力比成績重要太多 不管哪一方面",18,53
368,"無聊
整天作夢能不能撿到中山學歷
不如多念點書 充實自己

B17 我覺得這代表你們系的老師在教學或考試上面有問題
沒有教真正外面需要的東西
先不論考試成果 
前幾名的學生在學習態度就已經大大贏後面的學生了",19,53
369,"B19 你確定考研究所的東西是出社會會用到的？
考研誰管你什麼學習態度 考上四大才是真的",20,53
370,"B20 當然不是啊 我指的外面不是社會 
是四大
學習態度怎麼不重要
我早就畢業了 
當初有一些考上四大就屌到不行的
進去學習態度有問題 整天被教授幹爆

我最看不起那種平常不學習
考研前一年拼命去補習班抱佛腳的人
這種人程度通常被推甄的人虐",21,53
371,"期待這個
還不如多讀點書充實自己
整天這樣難怪會被別校的看不起
大家一起努力向上
所以..












報掛失可以換成新校名的文憑嗎",22,53
372,如果可以大概會有全部過去畢業生來申請,23,53
373,與其關心那些，不如先充實自己,24,53
374,"B16 可撥
不會看字？",25,53
375,"B25 
你才可撥吧
你自己看你標題寫什麼
第二段又寫了什麼",26,53
376,"都說要蓋仁武了

學店還想升級啊！",1,54
377,還好研究所沒考去中山,2,54
378,B1 仁武4什麼,3,54
379,B1 蓋一個校區要多久 才土地評鑑完而已 真的全部蓋起來又人過去要多久 炒作而已啦 跟南交一樣,4,54
380,所以我什麼時候可以回去換畢業證書呢~⊙ω⊙,5,54
381,今天好像看到系主任帶中山的長官參觀理院,6,54
382,"B6 參觀嫁妝ㄅ
ㄎㄎ",7,54
383,有戲喔 有聽中山的同學說還在喬,8,54
384,呵真的要被拿去賣了,9,54
385,無痛升級中字輩 高大起飛,10,54
386,B8 我們系主任說這次併校會很快欸 因為明年兩校校長任期到職 今天還一群中山老師來理院開會？,11,54
387,但王校長才第一任，他不想連任嗎,12,54
388,"B12 做成這樣還想連任什麼
不是一直跑步運動而已嗎",13,54
389,"B11 等等 靠北別啊
好歹也等我推甄完研究所再併啊

不然等等要跟中山的同學比欸 比不贏啦",14,54
390,B20 據說最快明年底,15,54
391,B15 我都畢業了欸,16,54
392,"B15 等，別啊 別這麼快啦
是怎樣 趕搭飛機是不是",17,54
393,B15 卡等B20,18,54
394,不可能蓋醫學系啦 沒有學習願意釋放名額,19,54
395,"真的假的...................
我本來還要準備考台綜誒",20,54
396,沒意外是明年底沒錯，聽到2.3個老師說過,21,54
397,"學弟 好好準備研究所
別太期望",22,54
398,B18 結果震撼到20樓🤣,23,54
399,"B12 據說他不想
某系老師誇獎他很偉大
願意不計個人得失拼合併",24,54
400,"B24 法律系併校有差嗎？
就算合併，大家也知道法律系就是原本高大的",25,54
401,B25 跟家裡不懂的長輩嗆說我四中的ㄚ,26,54
402,"B25當然有差啊 資源一定會更多
高中生也會更願意填  
不然你以為竹教某些系隔年分數暴漲是怎樣",27,54
403,B25 而且法律系分數不是比一些中山的科系還要高嗎,28,54
404,B21 可4學校行政效率...,29,54
405,B29 學校的討論結果早就出爐嘍！剩中山那邊了,30,54
406,到底為什麼要併唉唉,1,55
407,"睪丸大阿不是
是高完大",2,55
408,B1 人數、資源,3,55
409,"直接國立中山大學阿 還用問
給你機會洗學歷還想改人家名字喔",4,55
410,樓上觀念正確,5,55
411,"推樓上上
直接變身❤️",6,55
412,B6 母湯 不要變身,7,55
413,我們想要人家還嫌棄我們QQ,8,55
414,不想併+1,12,55
415,"國立中山大學 政治法律學系
聽起來不是好聽多了嗎",13,55
416,高山大學,14,55
417,確定了嗎,15,55
418,"兩間學校重複科系那麼多
合併有什麼效益啊",16,55
419,趕快去讀書比較實在吧～,17,55
420,"今天在行政大樓的行事曆上看到

3/6 與中山大學一級主管餐會 

感覺有譜了",18,55
421,高山大學,19,55
422,"B10 
給我一個不併的理由 
他媽從地名大學學士直上中字輩學士 還不併
別犯傻啦 大姐
天上掉禮物下來 你還扔掉R?",20,55
423,高雄大學 西子灣校區,21,55
424,國立中山大學 電機工程學系,22,55
425,"B20
就是因為從天上掉下來的禮物 拿了沒踏實感
也許畢業後可以拿一張中字輩的文憑
但難到我們出社會後也要養成這種僥倖的心態
總期待自己的公司被台積電併、
期待能被google併、能被apple併？？？",24,55
426,B23 中山沒有法學院那經費為什麼會縮減？應該會變多才對吧不是嗎,25,55
427,"B23 經費縮減 ㄏㄏ
第一 中山想給我們合併一部分的原因就是希望有法學院 那你認為合併後中山會不重視這塊嗎
第二 中山沒有法律系，更不會有均分你們經費的問題
最重要的一點  你難道以為高大給你們很多經費嗎..
跟中山合併，學校這個載具越大，才會有更多計畫與經費的可能。",26,55
428,"會說經費可能縮減的可能被部分教授的話術騙了，學校規模變大沒理由縮減，而且維持現狀，學校還是很窮🙆‍♀️ 
併校優勢不只是校名好聽，更重要的是資源一定增加非常多，還有經費部分是一定會變多的，再怎樣一定比學校現在的經費多

對了，可以多看看台政北東 法律系的資源是什麼，你會知道併校後中山一定也會給予一定的投資，不像現在幾乎都沒有錢",27,55
429,"B24 
這跟僥倖的心態無關吧  今天要併都是即將的事實了
如果我沒有持續進取，考上更好的研究所，或是找到一份好工作，不做事成天等待跟中山併，這才是所謂的僥倖的心態吧",28,55
430,哎 學校窮到 連IEEE都很久之前就沒買了😑,29,55
431,中山大學改成高雄大學當然好啊！這樣中正也跟嘉義大學併好了！中山、中正這些都是帶有黨國主義的意識，剛剛好可以一併去除掉，真正本土化要這樣才對！,30,55
432,B30 公三小...,31,55
433,政法粉頭刪留言了qq,32,55
434,"哈哈哈 你們這群人太單純，都想的太簡單了，別在自以為是講一堆看似理所當然的歪道理，想跟別人秀好嗎？

高雄大學這個名字，當初可是高醫想要用，教育部還不給過的！你現在把這個名字拱手讓人，人家可就樂了！再說，每個地方都有地名大學，高雄更不可以缺席！至於經費問題，這絕對是要談判的，所以你們就不用在那邊講幹話了！學校的合併委員會已經在談判了，相信網上一堆頂多大學、研究所的鍵盤魔人，不會比這些教授還厲害吧？",33,55
435,我怎麼不知道彰化大學跟南投大學之類的地名學校在哪🤔,34,55
436,B29 讀電機的就要小心了，你以為合併後人家會讓你叫電機系這麼好康的嗎？,35,55
437,"B35 我很好奇你腦袋在想什麼？
你說說看呀! 我想得到的只有
1. 副牌電機？
2. 高·電機？
3. 二線電機？
4. ...補上

打完我自己都覺得有點好笑了... 干
頂多這會是在分班的時候學號知道原校是高雄大學 但誰會在乎自己在學校期間被看待的眼光？
當然是希望出去是中山大學的學生才是目的，而且讀書風氣肯定更勝我們一些的中山，感覺併校後希望會拉起高大的讀書風氣，而且‘資源’！！才是兩校的目的吧

而且你的人家是誰？ 中山大學電機系的學生嗎",36,55
438,"看起來合併聲浪偏高呢ˊ
我也贊同合併— 中山大學 楠梓偏鄉區
別在說什麼文憑一張
至少好的文憑第一關機會就大了
高雄大學根本一堆人不知道
誰還會給你機會呢",37,55
439,保留校名跟獲得資源與經費選的話當然要選後者👍,38,55
440,"B37 新大學難免嘛 ～ 還沒有太多畢業生
像是我看到成大環工系的6x畢業系級的學生當上環保署部長，我就在想哇靠高大都還沒出生呢...
但也別說偏鄉區啦！！ 等等你被圍攻哦！",39,55
441,再吵  全部都退學！,40,55
442,"比較喜歡高雄中山大學  

還是喜歡校名有地名比較好

其實國外的名校都是取地名居多

也容易被記住

像日本的舊7帝大 

改制後的台大跟首爾大

美國的史丹佛 加州大 麻省 紐約大 

英國的 劍橋 牛津

德國的柏林工業 幕尼黑大

這些都馬用地名當校名

反正對法學院來講  原本只有高大有

所以改叫什麼都一樣",41,55
443,"白痴才會不想併校
白痴才會不想併校
白痴才會不想併校
白痴才會不想併校

人家中山排名屌高的
我們學店跳階洗學歷還不懂感恩

爭那個校名真的很低能 呵呵",42,55
444,"我覺得不會被圍攻啦 
畢竟我說的是事實ㄏ
不覺的很偏僻嗎",43,55
445,笑死 都是同等級國立有啥好洗的,44,55
446,"某些留言 中山大大請笑笑就好
不要又大做文章阿",45,55
447,"反正對法律系來講都一樣啦
只是騙外人名字比較好聽而已",46,55
448,B44 什麼時候同等級了？,47,55
449,一間中字輩和常被人問是哪間的地名大學，跟我說是同等級，可以再唬爛一點,48,55
450,我們可以獨立叫高雄法學院ㄇ,49,55
451,B49 我覺得可以 還是要直接高雄地方法院,50,55
452,"87喔中山前幾天又公布要申請學士後醫學系
地點在仁武校區 我是覺得跟高醫合併比較有可能啦",51,55
453,我聽過有人說要叫中山高,52,55
454,"審核通過後還要一段時間提案
最快也要兩年後才能哈哈
大肆掰掰沒望了
學弟妹有福哈哈",53,55
455,"科大一次併三間
乾脆併中山x高大x高醫 全部科系都有惹喔",54,55
456,聽一個以前當過主任的老師說，合併的事情談了好幾年，可是都沒有下文，大家都懶懶散散的，不過如果能合併當然好，畢竟中山的資源比高大的多太多了，雖然說高大不是不好，但是有了中山的資源，對高大的學生幫助真的很多,55,55
457,"這次很快喔
聽說好像打算就是先併
其他的事務併之後再談",56,55
458,聽說這次唯一ㄉ問題就是名字喇,57,55
459,B53 不是可以補辦畢業證書嗎？,58,55
460,我夢到名字這件事幾天前已經談ㄌ，不知道結果如何🤔 順利的話一兩年內會有個結果,59,55
461,等到真正合併我可能早就畢業了 無緣,60,55
462,反正我還是希望可以跟中山併一併啦,1,56
463,"公私立併校可以說是不可能
因為這等於私校要捐出所有校產給國家

只有像聯合大學這樣破產的前私立學校才會發生這種事",2,56
464,"其實如果中山想要醫學系
最有可能的方法就是跟高大合併，然後利用高大東邊的草地創立醫學院...
反正現成的是撿不到啦，高醫的董事會哪可能那麼慈善",3,56
465,哪有財團會把好幾億的資金直接抖內給政府啊 想太多了吧,4,56
466,"是新聞亂寫還是實話呢？
 中山、高大不是都有意願要併校？",5,56
467,"所以
中山說要跟高醫併校
高大說要跟中山併校
各說各話？！",6,56
468,塊陶阿,7,56
469,"之前不是談過了
高醫就他媽不要==",8,56
470,他們也只想跟高醫併，系所重疊性低,9,56
471,中山當陳家是吃素的喔?,10,56
472,https://i.imgur.com/zdQKIk3.jpg,11,56
473,高醫董事會哪有可能讓你併,12,56
474,"中山跟高醫適合多了

都不是店又互補",13,56
475,"但中山離我們這麼遠
真的不知道有什麼實際效益",14,56
476,"b14收個法學院
過過癮吧",15,56
477,"B14 地+冷氣
ㄊㄇ中山實驗室真的有夠熱 冷氣比高大還摳欸",16,56
478,那我們跟高師大併，反正都是高雄開頭的學校,17,56
479,還不是要大碩偉文洗學歷 有差?,18,56
480,"高醫除了醫牙藥其他也是.......

然後校區應該不是個大問題啦",19,56
481,"ㄏㄏㄏㄏ
中山跟高大啦
問教授就知道了啊
很多2校互動",20,56
482,"跪求併校
再還沒併校前
我都先不畢業",21,56
483,"有這種心態自己知道就好

整天掛在嘴上講難怪人家看不起",22,56
484,"這樣吃相不好哦
墊墊吃三碗公就好
大不了自己開啪慶祝不要在網路上講出來
ㄏㄏ",23,56
485,再爽還是沒竹教大爽,24,56
486,"B1 對
拜託快點併一併",25,56
487,高醫錢這麼多不可能併中山的啦,26,56
488,"人家都要有學士後醫科ㄌ
https://www.chinatimes.com/newspapers/20190305000688-260107",27,56
489,"B27所以才說拜託快點併一併啦
校名？
你難道有看過竹教大和清華爭校名的嗎",28,56
490,高大不是不要，怎麼又要了,1,57
491,好奇高大不要的說法是從哪裡來的,2,57
492,聽說拒絕是因為高雄二字不能被拿掉,3,57
493,我們好像一起聽的,4,57
494,"b3
那就高雄中山大學就好了啊~",5,57
495,B4 沒有綽啦,6,57
496,"B5 簡稱 雄中大學?
               高山大學？
               高中大學？",7,57
497,"b7
不錯哈哈😄",8,57
498,B3 你們都是從哪裡聽說ㄉ,9,57
499,去年版上看到的,10,57
500,"幹嘛延畢==
可以換畢業證書啊",11,57
501,瞬間變成中字輩,12,57
502,工學院院長上課的時候也有提過這件事，好像中山有意願。,13,57
503,+-：覺得開心,14,57
504,B7 推高山大學,16,57
505,某樓電機邏輯幫qq,17,57
506,"敘述者等於決定者嗎
笑了",18,57
507,連八字都還沒一撇吧,19,57
508,聽了四年，何時才是真的,20,57
509,"以往都是高大不要合併的
中山一直都有意願合併
這件事情從我入學到現在我畢業一年後的現在總算有共識了",21,57
510,"之前聽到都是有在談 

這次都是說比較肯定的",22,57
511,閱讀能力有待加強啊兄弟,23,57
512,b14也認識+-啊,24,57
513,拜託啦 洗個心安的高山大學學歷,25,57
514,看來大家都很興奮,26,57
515,阿提拉不出來講話嗎？,27,57
516,話說就算併了 畢業證書也會附註是楠梓校區之類的吧？,28,57
517,已經工作的表示無感,29,57
518,"呃嘛 如果說是地理來看的話
我覺得應該不會特別標楠梓校區
高師大的畢業證書應該也不會標燕巢校區吧",30,57
519,高科大 三民校區 鹽埕校區 楠梓校區 👍,31,57
520,B30 一定不會啊，因為系也會一起合併，假設在中山和高大都有A系，這樣如果中山的A系被決定搬到高大，這樣他們畢業證書寫楠梓校區不就會很幹繳,32,57
521,認識多一點同學也不錯啦，雖然很遠,33,57
522,"B32 併校畢竟有前例
不是很清楚都怎麼處理 不敢講太肯定",34,57
523,不太想被併欸…,36,57
524,B36 併完應該還是高雄大學 中山併我們,37,57
525,國立高雄大學 西子灣校區,38,57
526,"我們兩個學校其很近 我們在蚵仔寮 他們在西子灣
只要新增直達船，兩校就等於同校區了",39,57
527,"回來換證書就好了啊
如果你有這麼在意你是什麼學校畢業的話",40,57
528,B40證書不是不能換?,41,57
529,B11 B40 😂😂😂😂😂可以換嗎,42,57
530,到現在還在羨慕我讀竹教的同學變成清華大學的頭銜了,43,57
531,"拜託 區域名大學是很搶手，難道要高雄大學跟中山合併，叫高雄中山大學。再叫高師大改名為高雄大學，還是讓高醫大改名私立高雄大學（當年高醫創校可是提過這個名字，被教育部打槍），如果這樣做，我也是醉了。
以後還分高大1.0跟2.0嗎？
南部嘉義、台南、高雄、屏東及台東都有自己地區名的大學，反而高雄大學要被合併消滅。
要合併可以，合併後只有叫國立高雄大學，其他中間名稱免談。",44,57
532,B45 你講的學校也合併為高科大，就好像有凃跟涂，甚至徐，需要因爲音ㄧ樣或看起來很像，姓凃或涂就不用解釋嗎？,46,57
533,"臺灣大學知名度最高啦
你自己都看不起自己學校名稱，有本事為高大爭光，而不是沾他校之光。
如果你想要轉去中山，就快去吧",48,57
534,"這麼愛校你去抗議合併啊
我等你的消息
可千萬不要讓我失望喔030

再說啦
我們一年拿教育部的經費還不到別人零頭
抱大腿都來不及了",49,57
535,"B48 等你爭光喔 加油喔
我個人是覺得高雄大學區域名也是很重要不能抹滅啦
但能換成中山也是不錯",50,57
536,"為什麼一堆妹子都喜歡發文或留言後自刪啊
對自己講的話這麼沒信心ㄇ",51,57
537,https://i.imgur.com/UzZVuiP.png,52,57
538,B44 中山大學不管知名度還是成績都領先高大，把合併的校名換成高雄大學換作你是那裡的學生你能接受嗎？這樣誰還要找你合併？,53,57
539,"B50 等我稱霸日本AV界，我一定以高大加藤鷹為目標。
我一定成為「高大汁光」",54,57
540,B53 中山大學全世界就有兩個，但高雄大學只有一個。中山不要，我們就會死嗎？那臺大名稱最好，要不要跟他們併啊，改為臺灣大學高雄校區，畢業證書還台大的。,55,57
541,B55 他們還不要你勒,56,57
542,"B56 不要就不要，那我們就走自己的路。
其實很多高大學長姐認真工作在外面擦亮高大這塊招牌。高大是成立晚一點，但是不代表連校格跟尊嚴都沒有。
中山同學也只是學測跟指考分數高一些，但我們人生不應該被當初分數給侷限。我們如果氣勢那麼低，中山的同學合併後會看得起我們嗎？寧為雞首，不為牛後！",57,57
543,講幹話,58,57
544,"嘶嘶嘶嘶嘶… 有夠尷尬
某樓是不是網路上的雞湯文看太多了",59,57
545,夠尷尬,60,57
546,寧為雞首，不為牛後！,61,57
547,套句韓總的名言：「中山大學又不是高大的老爸，為什麼高雄大學合併一定改為高雄中山大學。」,62,57
548,無法理解有人能對高大這個校名有這麼深的情感,63,57
549,"B63 你不覺得一個城市就應該屬於他名字的大學嗎？
台北有台北大學，香港有香港大學，表示說這個城市有一個完整地名發展的高等學制，也可以跟人說高雄是有屬於自己的城市名大學，是一種驕傲。
有人會說，中山大學在高雄很久，但是中山大學是以前國民政府在廣東時的學校，就好像政大/中央，跟高雄在地連接性不大。高雄大學是從無到有的設立，對於高雄來說，高雄大學是不是外來的，是一間從無到有的新學校，是高雄的新出生的學校。
只是高大成立時間很不幸運，設立以後遇到中央政府沒錢，又廣設大學及少子化的狀況下，對於高大挹注變的少之又少，學生無法快速成長，當然無法迅速成名。
今天高大跟中山可以競爭又合作，我覺得只要將高師大跟高醫合併進來，對高雄大學發展才是最有利，這三間學校都有高雄的名字，為何不能共用高雄大學這個名字。
今天大家都想說用中山大學合併，來提升知名度，你知道清大併入竹師，清大人是真的喜歡竹師嗎？說真的竹師在上個世紀的水準，由於都是公費生，素質直逼台大、政大人的等級，但因為教育改革，莫名改為自費生，因此一堆比較優秀的學校的人就不去念了。接下來我就不多說，因為離題了。
其實高雄大學正應該跟高師大及高醫來併，因為這三間都有互補的特色，才是真正屬於高雄人的綜合大學，而中山跟高大併，我覺得互補的特色太少了。
高雄大學校名是一種在地情感，至少是高雄人的大學。",64,57
550,"滑了一秒
看的我手都酸了",65,57
551,"B64 清大是跟竹教哦不是竹師
另外你說要跟高師還有高醫合併的機會
我想是微乎其微
一個是師範體系（不要懷疑，師範體系跟我們這種普大的體系風氣啊啥的很有差別）
一個是私醫體系（人家有錢到才看不上我們，認真說！）

這次為什麼會跟西子灣大學併
聽老師們說的（不知道484正確的但可以參考參考）
首先，西子灣那邊的地好像要收回還是衝啥的（所以會移來高大這裡，高大要開發囉！）
再者，我們學校學生數太少（聽說我們學校原本創校時的願景是全校人數要五六千吧！）
叫什麼我想我們也沒辦法決定吧！
畢竟說出去本來就是西子灣的名字比較好聽
但是我還是很希望可以留下高大的名字",66,57
552,"趕快併好不好，
我為了拿中山大學畢業證書，
可以延畢啊！沒問題的！",67,57
553,"B66 新竹教育大學前身就是新竹師範學院。 新竹教育大學併入清大後，稱為「 竹師教育學院 」，我也找到相關新聞：
https://news.ltn.com.tw/news/life/breakingnews/1864088

台灣現在師範體系已經被毀的差不多，沒有特別保障。
你知道高師大也有藝術學院與科技學院 嗎？你確定真的就像以前師範體系嗎？
https://w3.nknu.edu.tw/zh/edu_list
另外，高醫大以前可是很哈高雄大學這個名字。
http://kmuhistory.blogspot.com/2011/12/blog-post_2133.html

你也查一下現在高雄大學學校人數吧，學校人數早就破五千多
http://intro.nuk.edu.tw/info/info_open3.htm

中山目前也才9000多人
https://udb.moe.edu.tw/StatCardList/University/000012CE61A5/0009/%E5%9C%8B%E7%AB%8B%E4%B8%AD%E5%B1%B1%E5%A4%A7%E5%AD%B8?UNIVERSITY_KIND=Public&UNIVERSITY_TYPE=Reg

至於中山遷校在2012年就有被討論過
https://speed.ettoday.net/news/128424

誰說校名不重要，請看高科大合併時，高應大校友會的強勢。
https://udn.com/news/story/7266/2575912",68,57
554,"B30 我特別回你校區問題。
高師大的燕巢校區是新設校區，不是原先其他學校校區，當然不會有燕巢校區。
而第一科大跟還海科大是從原本大學校區，合併為高科大後，變成第一跟楠梓校區。
而高應大的燕巢校區，也是跟高師大一樣為後來新設校區。
在2000年以前高應大只有建工路哪邊校區，高師大只有和平校區。",70,57
555,"B69 矮額 真的假的 有分第一跟楠梓校區喔
所以會特別註明嗎",71,57
556,"B71 我剛剛的問題是回答「校區」的發展故事。
通常畢業證書會蓋上學校的關防，畢業學院系所跟校長名，不會寫特別註明校區。
https://www.mirrormedia.mg/story/20180614inv002/",72,57
557,這次是真的合併？,74,57
558,B67 畢業後應該可以回來換發,75,57
559,"其實要併不併也沒什麼差吧...

併了就算經費變多，現在大部分的學生到時候都畢業了，根本使用不到 

像法學院這些只有某一間學校有的系，併了大家還是知道你是原高大的，像中山海院的那些系，併了但是一看系名，大家就知道是原中山的。

如果是兩校都有的系的話，併了之後，一被知道合併的人問說，請問你是原高大還是原中山的，你也不太可能說謊說我是原中山的吧。而且回答原高大的，說不定還會被認為是享用這個既得利益的族群。

而且併校學號也會區分，只是另類的差別待遇而已",76,57
560,"關於中山和高大合併  
https://www.dcard.tw/f/nsysu/p/224849606?ref=ios

看看這篇ㄅ

中山學生的態度根本完全不屑我們

併了之後會不會變成同一間大學的二等公民🤔",77,57
561,B77 好慘喔 難過,78,57
562,"個人私心希望還是不要併

高大還是要想辦法發展起高大的特色跟實力才是重點吧

明明有南部唯一的法學院 可以當作招牌 校方感覺也沒有投入太多的資源在這一塊 

唉⋯⋯⋯希望學校高層能努力啊！",79,57
563,B77 B78 全校10個不到人在嘴也沒差吧,80,57
564,B54 笑死科科,81,57
565,"我相信中山大學的學生不會這麼沒素質啦
話說回來 要嘴就嘴阿",82,57
566,"圖片支援
https://i.imgur.com/Z9hGcQ8.jpg",83,57
567,農場標題,84,57
568,"嗯…想想這個情況該怎麼類比好呢…
程度差不多是逢甲或是輔仁要跟我們併吧
我的話內心還是有一點點挺不是滋味的
所以大概能理解有些中山的人感到不爽的心態",85,57
569,"b79 身為一個法學院的學生 我想說
高雄大學完全不在乎法學院 中山這麼愛我們 我完全支持併過去
全高大這麼幾棟樓 就法學院最醜
要什麼經費都要不到 明明就是最有特色的 卻沒人要幫忙",86,57
570,B85 這個類比有點差太多了吧 大概聯合大學和我們併感覺比較貼切,87,57
571,"B86 法學院都醜的話
我們工學院要怎麼辦",88,57
572,"B87 輔仁電機跟逢甲電機差不多也是有在55級分左右啊
而且兩間學校也都是歷史悠久
聯合才比較爛吧",89,57
573,B89 私立這兩間有比公立的高分？,90,57
574,"B90 55級分夠高了吧
高大某些系搞不好都還沒有",91,57
575,B86 呃，法學院蠻漂釀的餒,92,57
576,"https://www.dcard.tw/f/exam/p/230748958?ref=android
開始在討論ㄌ",93,57
577,"別在這邊自嗨了
大家一起過去戰唄",94,57
578,"如果真的併
感覺海洋，管理，文會牽到在中山
而理工學院會牽到高大
一方面是中山理工常常抱怨地不夠大
另一方面配合國家政策建立南部科學園區 橋頭科學園區

新聞傳送門 : 
https://www.rti.org.tw/news/view/id/420504",95,57
579,"我是覺得啦
高大想省買線上資料庫的錢所以決定並校的可能性不小啦
然後中山應該不會遷校
那邊有貴儀中心
搬家費驚人",96,57
580,說個實際好笑的，如果高大考上中山研究，結果併校應該會很幹,97,57
581,B76 有差啦，轉學考或考研上中山的會幹死,98,57
582,B86 會嗎，以我外系來看還好。更何況你們樓下就有超商已經夠令人羨慕了,99,57
583,"https://www.dcard.tw/f/nsysu/p/230749221?ref=ios

在考試版的中山哥跑到自己校版想討拍😊",100,57
584,"B86 法學院醜在哪？
我覺得還滿漂亮的啊",101,57
585,突然有點擔心我發文的內容太靠北會被中山的同學公幹,102,57
586,我想用中山大學的SPSS軟體,103,57
587,B102 你研究所要以台大資工所為目標，你管中山怎麼講你。,104,57
588,"B104 兄弟你這句話我聽的好他媽感動啊
晚上要不要吃消夜 我請你",105,57
589,"B105 我怎麼有屁眼涼涼的感覺。
前人不是有人說，中山大學又不是高大的老爸，你管中山怎麼想。
你要有志氣，你他媽考上地區名最大間就是你的本事，也是讓「高雄」走向「臺灣」的表現。你考上臺大，我請您吃漢來。你可以截圖，你可將來跟我要，如果你考上臺大研究所又有女朋友，我出雙人情人套餐給你，你可以去書局拿卷，我會壓在那邊。
他們愛讀人名大學就讓他愛，反正高雄的人名大學也才兩間，看他們喜歡海邊還是山邊。
我就是他媽的高雄大學莫那魯道，「中山大學併吞高大的野心雖比森林的樹葉還繁密，比濁水溪的石頭還多，可我反抗改名的決心比奇萊山還要堅定！」
要併可以，就只有一個名，國立高雄大學，其他免談。
我也勸高大的學校高層，雖然你們不是高大畢業，也是受高大這個環境栽培，飲水思源才是給高大學生最好的榜樣。",106,57
590,考試版又一篇第二戰場了,107,57
591,"B106 
不過我沒有要考研哈哈
你的好意我心領了",108,57
592,B83 清華素質不過爾爾,109,57
593,"中山版一片祥和

不愧是非學店生",110,57
594,"他們那邊討論也太理性了吧
可是討論熱度好低",111,57
595,B111 文章就是來戰的哪有多少軟想討論,112,57
596,笑死 我現在在中山 根本沒人在用低能卡我沒騙你 討論度當然低,113,57
597,"爽的只有理工學院吧
法學院根本沒差
中山法學院=高大法學院
一樣很新一樣沒什麼校友",114,57
598,差一題落榜中山的遺憾終於不是遺憾了QQ,115,57
599,B113 現在你不是在用，自打嘴巴有夠搞笑,116,57
600,B116 看到有人貼給我 回來看看你這個小可愛 不行ㄇ,117,57
601,B117 你是說貼給你的人低能？,118,57
602,B118 誰先提到低能的R 罵人不好吧這素質,119,57
603,B119 這不就你先提的嘛 不要再自打嘴巴我看得難受,120,57
604,B120 我說低能卡有說誰低能ㄇ ？,121,57
605,我是說在座的各位都是？垃圾👍👍？,122,57
606,"已畢業的我 無痛升級中山財管 讚讚
可以換畢業證書ㄌ><",123,57
607,只怕如果合併，金融管理還在，你可以看政大商學院，金融跟財管是兩個不同系。,124,57
608,"幹 學店還不醒醒
除了國立以外 
其他硬體資源很多都輸私立",126,57
609,"這種併校都是高層的利益啦
學生哪有甚麼選擇權 永遠都是
分數高的學校歧視分數低的學校
不想合併 有本事就起來抗議啊 只會當鍵盤手靠北有屁用",127,57
610,https://www.chinatimes.com/amp/newspapers/20190305000688-260107,128,57
611,併校齁後企業就會知道我們了（泣,1,58
612,不知道為什麼這樣還是有人要選擇直升高大碩士...,2,58
613,B1 併中山嗎？ 謠言好像沒下落了..,3,58
614,竟然連文化，淡江都不如,4,58
615,"B3 
說要併說好幾年了
但聽說這次好像有過
聽說的啦我也不確定",5,58
616,竟然沒有偶們 QQ,6,58
617,"一個填志願時才會被發掘的學校
也不要太苛求企業能知道啦 哈哈哈",7,58
618,Ok準備休學重考,8,58
619,B7 高大真的輸在名聲(名氣)! 這段話真的很有同感,9,58
620,B2 因為只要讀一年就有學位,10,58
621,"B2 
每個人都有自己規劃
有必要這樣子質疑他人的選擇？
你知道報導中企業為何種公司企業？
你知道報導的大學排名是只有大學畢業而非研究所？
請問一下你怎麼質疑那直升高大研究所的人？
請問報導哪來的敘述可以讓你質疑直升的人們？

你知道高大哪些研究所相較其他學校有哪些優勢？
都大學生了還只會根據排名跟報導文字說話？
我同學具專業能力且學習力快的大學畢業出去每個都三萬起跳
報導都只是一個平均而言你又知道高大出去的都低於三萬？
看到一堆只會酸自己學校的真的是很可憐
自己的價值自己創造，而不是每天看報導排名自嗨或是貶低自己學校",11,58
622,"B11 
妳是怎樣？
爆氣到惱羞？
不是就有規定可以申請五年大學+碩士
=一年碩士

系辦就是這樣跟我們講的 到底？？

可不可以不要對別人言論都抱持著攻擊性
都在高大這種不高不低的學校了，很可憐",12,58
623,"B12 
怎麼了，實話錯了?
還有，你以為讀五年一貫就一定五年拿到學位？
我也是笑笑",13,58
624,"B13 
釣魚？
到底誰在釣魚？
就說了是系辦直接講的，
我講出來你就要說我釣魚？？
你怎麼不說大學四年不一定四年拿的到學位？
怎麼不說國小六年可能要讀12年才能畢業
有沒有這麼可憐
？？？？？？？？？？",14,58
625,"五年一貫不就標榜5年學碩.... 
到底有什麼好兇的==

那個表也看看就好，讓你重選難道你會去選淡江？",15,58
626,"B2滿針對直升高大碩士的感覺
難道留高大碩士錯了嗎QQ",16,58
627,B3 B5 聽某個學姐說合校好像今年寒假通過了，但至今完全沒有任何風聲，滿奇怪的,17,58
628,我想拿中山大學的畢業證書,18,58
629,B11 兄day～ 你對 B10 那麼凶幹嘛啦，他看起來不是釣魚仔啊！有話好說～,19,58
630,"B19 B10抱歉抱歉
主要是B2啦 QAQ",20,58
631,"畢業證書明明很好用 
因為北部公司都以為是高科大",21,58
632,B17 如果畢業時還沒有併校，幾年後併校是不是還要換畢業證書呀？,22,58
633,研所在刷就好拉,23,58
634,上榜的都是老學校，沒有我們學校蠻正常的@@畢業生還沒那麼多,24,58
635,16名 還可以啦,25,58
636,難道是理院王者!?,1,59
637,猴董好好管理一下同胞們,2,59
638,遊艇開出來嚇嚇同胞們,3,59
639,你不要以為隱系我就不知道你是那個應物仔,4,59
640,有像應物仔!,5,59
641,B4 B5  那個應物的根本不會隱藏系級，我根本不是他～,6,59
642,"當然是成大
這還用說
問那什麼鳥問題",1,60
643,成大,2,60
644,先能考上再選也不遲,3,60
645,我以為是高大咧,4,60
646,高大誰跟你有名自爽喔,5,60
647,如果人自己就沒底子，讀哪都一樣,6,60
648,南部都一樣,7,60
649,"B4
那你還問?

這種廢餌還想引戰",8,60
650,"我研究所目前那三間就高大沒報名啦

給妳參考一下",9,60
651,B9 不然你報名哪幾間？,10,60
652,台聯、成大、四中、北科,11,60
653,我報台大 only one,12,60
654,成大》中山》高大,13,60
655,怎麼不乾脆說哈佛麻省高大選一個算了,14,60
656,B14  那你為什麼來讀高大啊？,15,60
657,"B15 為什麼高大女都得理不饒人

要不要上帝之鞭，佛祖之鞭~~",16,60
658,樓主是太無聊？廢文請到廢文版po謝謝,17,60
659,"B15
這個問題簡單
因為我的水準就只到高大而已",18,60
660,哦，看來高大畢業證書不拿也罷,19,60
661,"難道原Po是用嘴涎起來嗎？
口銜枚
https://i.imgur.com/j8pcr2g.jpg",20,60
662,高大啊廢話,21,60
663,"我覺得原po應該不是台灣人
不然怎麼可能不知道台灣的校排名",22,60
664,"B23 有可能是僑生

該不該設一個高大東南亞版區",23,60
665,"https://i.imgur.com/jGppKxT.jpg
有人要喝嗎",24,60
666,"給 b0 一個“大致”概念
台灣普通大學以工科來看順序如下
台大
交大
清大
成大
中央
中山
中興
中正
北大
海大 高大 
反正已經很後面所以下學校就不說了

by the way這是超簡略政大、陽明、師大體系、臺科、北科就不講了，反正真的要排進去，除了高師大其他也都是在高大前面，所以妳應該可以了解為什麼大家會認為妳的問題很無聊，因為高大除了地名之首以外沒一個可以說嘴的，大家會讀這裡無非是成績就只能讀這而已QQ",25,60
667,"B25 謝謝你
原來成大和高大竟然相差這麼多",26,60
668,北台大南高大,27,60
669,都在讀這了心態還只是「啊我就成績到這啊」，一點驕傲也沒有，沒有自信心學校跟學生根本不會變強,28,60
670,"B28 像我就是大硬物阿提拉

上帝之鞭；佛祖之鞭SM駕駕

宇宙之王，每天玩密技打贏他人

成吉思汗是我表弟!!!!! 蒙古脖起",29,60
671,"b28讀這種三流大學是不至於自卑啦
但是比上不足比下有餘也沒什麼好驕傲的吧

努力考研洗學歷才是正確心態好嗎",30,60
672,樓上正解 高大真的太窮了 研究所一定得往上爬,31,60
673,"既然大家對於高大這麼沒信心
現在那些讀高大研究所的 
算是洗學歷的成功案例嗎？",32,60
674,只有我覺得原po在反串嗎,33,60
675,B33 明眼人都看得出來,34,60
676,"B30 也不是驕傲 是認同感跟歸屬感吧
感覺同校的各位都蠻欠缺的",35,60
677,"B28 就確實不是什麼很好的學校
是不用自暴自棄到整天跟什麼高科義大吵
但是真的也別自以為可以跟四大四中比肩
整天吹什麼北台大南高大
真的有點丟臉啊...",36,60
678,要念電機某些組別當然還是高大,37,60
679,"還有人相信會併喔？
要也是跟高醫",1,61
680,"沒那麼快啦 起碼也要好幾年
應該再爽一段時間啦",2,61
681,B1 一個醫學院 一個普通大學,3,61
682,"我想也只有高大急啦
人家還很不屑跟高大併




懂嗎？",4,61
683,"系所同質性這麼高 怎麼可能併
相同科系比都差30~50分",5,61
684,同意樓上說法,6,61
685,看起來升級無望ㄌQQ,7,61
686,原po 建議直接考轉學考進中字輩比較快吧,8,61
687,關你們理組屁事 中山想要的是法學院,9,61
688,那你們過去好ㄌ，我留着,10,61
689,法學院真棒呢,11,61
690,我聽到的消息是高大不要跟中山併欸,13,61
691,"高大只有法學院值得中山併啦
電機？噗噗
拉低中山素質",14,61
692,校長都在開會的時候說中山想併ㄌ,15,61
693,"是高大自己頑固不想合併欸
不是中山不併欸
完蛋打臉高大姐了 高大姐素質gg",16,61
694,B4 是人家要跟我們併 我們已經戲弄中山很多次了,18,61
695,"B4 
懂嗎？
懂嗎？
懂嗎？

很嗆是吧？
打臉笑死 有夠丟臉
跟智障一樣

懂嗎？",19,61
696,B15 什麼時候開的會,20,61
697,B15. 有開會嗎？啥時候？,21,61
698,"我怕被告  先不說
確定可以說再告訴兩位",22,61
699,B4  懂了ㄇ ？,23,61
700,笑死,24,61
701,"B4 所以你懂



了嗎？",25,61
702,"B18 你這樣寫我就要信？
        是你在胡扯吧
b19 什麼叫做聞雞起舞 你不知道吧 
        最後被打臉的很痛是自己





懂嗎？",26,61
703,"B23 
b25. 我可不知是要懂什麼",27,61
704,"B26 懂嗎？
懂嗎？
教授和開會人員講的 
被打臉爆氣哭哭喔
懂嗎
高大素質

自己要在那邊嗆人結果被打臉就乖乖閉嘴啦
垃圾欸",28,61
705,"B26 
我猜你是不是又要說教授說你就信？
可憐 連Google會議紀錄也不會

4. 94 年 10 日 20 日，中山擬定“國立中山大學與國立高雄 大學合校計畫草案""""，送請高大參考。
5. 95 年 9 月 20 日，教育部“大學校院整併推動委員會"""" 至高大召開高大與中山兩校整併案會議。惟高大表示 “現階段不宜談合併，仍以獨立發展為主，並定位為小 而美之實務、教學型大學。待學校發展成熟穩定後，亦 不排除與其他學校合併，但仍以維持高雄大學校名為原 則。""""高大與中山合併案至此破局。

懂嗎 
懂嗎
懂嗎
嘻嘻被打臉爆氣摟
打別人臉嗆人前請先Google
不要拉低高大女素質 
就是有這種垃圾，高大的商科女才會被當台女
沒腦袋也要有個極限吧",29,61
706,ㄏㄏ笑死欸 台女,31,61
707,"B26 腦袋是個很好的東西 希望大家都有
希望有腦袋卻不用的人可以死一死
未來垃圾可以少一點
台灣就會更好😁

連打字都不會是要笑死誰
「被打臉很痛是自己」？
真刀笑死欸",32,61
708,"B26 
哇噻 連成語也不會用
聞雞起舞 :	聽 到 雞 叫 便 起 來 舞 劍 。 比 喻 有 志 者 及 時 發 奮 努 力 。
典 故 ：	東 晉 時 ， 祖 逖 和 劉 琨 為 好 友 ， 他 們 都 立 志 忠 心 報國 ， 二 人 互 相 勉 勵 ， 半 夜 聽 到 第 一 次 雞 叫 ， 就 起 床 舞 劍 習 武 。 （出 自 《晉 書 ·祖 逖 傳》）",33,61
709,"B33
我猜應該是上篇跟影印店摳零頭的垃圾女",34,61
710,"B26 
我還真的不知道什麼叫聞雞起舞XDD
我看你倒是很懂ㄛ",35,61
711,"通報 📢
好像有人對這篇文章有新想法唷，快來去看看！
  https://www.dcard.tw/f/nuk/p/230278496",36,61
712,"通報 📢
好像有人對這篇文章有新想法唷，快來去看看！
  https://www.dcard.tw/f/nuk/p/230278589",37,61
713,我相信被中山吃掉了法學院不會比較好ㄏㄏ,38,61
714,"現在法學院有很好？

 一門必修課三個系開在一起上 

一間教室塞150幾人

大學一堆人跑去修在職 

白天又充滿一堆莫名其妙的人

口罩姐 眼鏡哥

自己系上的課不修 一直跑去別系修",39,61
715,"人家戴口罩…戴眼鏡關你什麼事

你家住在太平洋嗎

高雄空氣很好是不是

閣下一定要用肺發電，支持冥進黨

喜歡去日間或在職修課是自由

不爽法學院3個系擠一起開

不會去法院3樓拍桌踹門溝通嗎

有名的立委沒教你嗎

院長還是政法系的

來低卡po文是怎樣

討拍嗎",40,61
716,我要嘴也是我的自由,41,61
717,B14 他們只要法學院這個名字，不是要你們這些人啦法學院的別在高潮=.=,42,61
718,"ㄎㄎ 政法素質不意外
         只會嘴、引戰文而已
可以不要拉低法院的素質  行嗎?",43,61
719,"是不是又有人惱羞
等等可能要開吉的掛",44,61
720,樓上是口罩姐ni,45,61
721,"B26
講話啊
神隱？",46,61
722,"樓上是眼鏡哥ni
快吉",47,61
723,"B26 
懂嗎？
懂嗎？
懂嗎？
懂嗎？
聞雞起舞
懂嗎？
到底怎麼考進大學的 笑死人",48,61
724,移撥,1,62
725,一人一半,2,62
726,我看不如把他…,3,62
727,滿漢全席囉,4,62
728,跟校狗雜交,5,62
729,"小碳直接變坐騎 
猴子騎士團正式成立",6,62
730,"龍蛇雜處

龍蛇演義

猩求脖起",7,62
731,6 4分,8,62
732,"狗狗猩猩大冒險特別篇之校園實景拍攝

什麼，你說那些是猴子？有沒有看過猩球崛起小心被牠們做成中部粽吧",9,62
733,直接搬家啊不然現在學校怎麼有猴子,10,62
734,要美乃茲口味的嗎,1,63
735,抱歉只有美猴王跟你合體,2,63
736,"只是選舉輸掉的綠營吱持者
看它沒穿褲子就知道
沒事兒沒事兒",1,64
737,綜宿就有了我天天看到,2,64
738,高大莽原正常發揮,3,64
739,幹之前都沒看到 肯定棄養,4,64
740,B2 是搭捷運過來的嗎,5,64
741,B5 那是蚊子ㄅ。,6,64
742,合併的預告,7,64
743,猩球崛起,8,64
744,"合併了就有更多猴子過來了
這隻是先過來給我們有心理準備
猴子:我們要進攻高大了",9,64
745,國立高雄中山大學,1,65
746,改成 高山大學好ㄌ,2,65
747,肯定是小班的蜘蛛魔猴,3,65
748,高雄完全大學： 高完大,4,65
749,中山大學 蚵仔寮猴子分校,5,65
750,"快合啦我想就地升級
爽",6,65
751,都是考不上中山的學渣就不要自慰了,7,65
752,B7 不好意思這位仁兄，你的名字是 國立高雄大學 資訊管理學系,8,65
753,抓猴大隊報到,9,65
754,"工院吼猴 - Dcard
https://www.dcard.tw/f/nuk/p/230159483?ref=android",10,65
755,B10 無聊,11,65
756,B8 恩，所以咧?,12,65
757,B12 你也是學渣ㄏㄏ   別自以為清高,13,65
758,高大莽原在正常發揮,14,65
759,"B13 看我回覆哪時候清高了當然是包含我自己，邏輯真的很差

只會藏系的就閉嘴乖乖",15,65
760,"沒錯 我們大硬物從不藏頭

做人光明磊落

高大女頭跟某些藍頭很會藏

不敢秀線的啦，卒仔~",16,65
761,流浪猴,17,65
762,流浪搞搞,18,65
763,工院吼猴,19,65
764,資管考不上不代表所有人都考不上好爆,20,65
765,"拒讀西語系
宄文組

解放

超英趕美",21,65
766,綜宿都有猩猩了 猴子什麼的不意外,22,65
767,好可愛,23,65
768,如果那隻猴子是母的更好,24,65
769,阿元不要偷放生猴子好嗎？？,25,65
770,"高中大學
西子灣大學蚵仔寮校區
高雄中山大學（NUKSYS）
高山大學",26,65
771,國立高雄中山大學 不錯啊,27,65
772,"通報 📢
好像有人對這篇文章有新想法唷，快來去看看！
  https://www.dcard.tw/f/nuk/p/230263082",28,65
773,B7 其實我考得上,29,65
774,"B25 不是阿元放侯子
是要叫阿元別亂跑",30,65
775,財法侯昌明不出來說明一下嗎,31,65
776,"原本要合併
後來好像名字問題所以取消了（真可惜",1,66
777,被說成跟科大同等…,2,66
778,被說成跟科大同等^^;，好難過阿,3,66
779,人多就是屌,4,66
780,合併不是好幾年前就在講了 都是我們玩弄中山的感情,5,66
781,"今年又說要重啟合併計畫囉
聽說下週要投票呢",6,66
782,"據說都是校長問題啦
行政學老師發的牢騷也不知道正不正確哈哈哈",7,66
783,裡面內容超精彩 呵呵,8,66
784,中山大學蚵仔寮分校,9,66
785,合併會直接減少一個校長名額，所以校長怎麼做呢.....🤔🤔,10,66
786,B6 可信度多高啊,12,66
787,"好想跟中山併ㄛ  直接lvupup
不知道cup 會不會也upup",13,66
788,你的幽默感downdown,14,66
789,好爽ㄛ,15,66
790,484該灌爆教育部信箱啊,16,66
791,"B12 系上教授說的
你覺得可信度...？",17,66
792,戰到300多樓啊好刺激,18,66
793,收工了 收工了 大家散吧,19,66
794,"高大要成為
升學率（X 
生育率（O 最高的學府",2,67
795,我大高大乃南部第一學府,3,67
796,"期待愛愛摩天輪
每天我都要去
不要食言啦韓總",4,67
797,"不管啦 韓總要帶我們賺大錢欸
陸生不來 高大永遠爬不起來啦
爹親娘親都沒有韓總親 懂？",1,68
798,"什麼合併
統一就統一
不想被壓著打就只有兩條路走
一是起身反抗
二是跪著接受
多數台灣人民選擇第二條路走
少數人就不要在那邊哭夭",2,68
799,"B2 我猜我們根本不能打ㄅ
直接投降
對面一人吐一口水就淹死我們了
只是希望等我們畢業再來
我可不想沒大學唸啊",3,68
800,學生進得來!人才出的去! 校友賺大錢! 高大發大財!,4,68
801,怎麼一堆輸不起的阿,5,68
802,"反抗就吃子彈
跪著就繼續活   就這麼簡單",6,68
803,我怎麼想都覺得法學院會先被炸爛,7,68
804,要吃子彈也得共軍登島戰成功,8,68
805,"B8 感覺不是很難喔
而且有先鋒部隊非洲豬瘟",9,68
806,"B9 
我對我們的邊境檢疫人員有信心
但對那些真的很想讓台灣沒豬肉可吃的垃圾中共同路人很沒信心",10,68
807,再不戴套阿,1,69
808,少一個世界更美好,2,69
809,你腦袋才有病吧,3,69
810,B3 太激動了啦，肛交等於同性戀嗎？不要對號入座啦，這是疾病署的研究，只是呼籲，可是沒有歧視喔~,4,69
811,"貼個事實都可以爆氣
厲害了我的姐",5,69
812,b3 77777777,6,69
813,有人知道 fist…,7,69
814,世界上如果沒有同性戀就沒有愛滋病,8,69
815,B8 世界上如果沒有你 平均智商就會提高,9,69
816,B9 幹我快笑死,10,69
817,"兩個沒愛滋的人進行肛交是不會有愛滋的喔
恐怖的不是肛交，是自知帶有愛滋還跟別人從事不安全性行為，使他人在不自知有愛滋的情形下跟他人進行不安全性行為的人喔",11,69
