,Date,content,floor,id
0,2019-04-17T11:51:26.439Z,你語言表達是不是沒學好？,1,31
1,2019-04-17T12:10:22.394Z,感覺只單方面講好處,2,31
2,2019-04-17T14:38:02.616Z,"高教深耕的錢，台科、北科、""""高科""""都比中山多，中山就繼續畫地自限才不會搶到其他學校的錢",3,31
3,2019-04-17T14:43:19.246Z,B3 高科併校問題一堆你怎麼不提這個況且高科是三所學校的錢加起來誒,4,31
4,2019-04-17T15:08:36.032Z,"關於高教深耕的錢
真正的警訊是
從公立大學來看
五年五百億的時候
我們的補助規模排第六
現在已經滑落到第九
所以被哪三所大學超過
中興 陽明 政大
現在不想辦法補強
早晚得越滑越後面",5,31
5,2019-04-17T15:48:39.414Z,"b1 歡迎提出文章哪裡有待改善，我會盡量改善我的語言表達，謝謝：）

b2 中山高大的部分，我比較想揣摩中山校方在打什麼主意？至於併校過程與後續問題我只有簡略帶過的原因是，如果要深入分析下去，我勢必得花更多心力與時間找他校的例子來做案例交叉對比。這工程會十分浩大，故此篇我只著重在有什麼原因使得中山想與他校併校？

當然我知道大家比較關心的是後續問題，但後續問題的討論會變得很棘手，甚至變成死胡同，因為有些已經不是花錢就能了事的問題，而是價值觀與人的問題。例如：名校迷思、學校價值、學術排名、人事遷移、人的奇模子、……等。

因此我自己的功力無法對此寫出什麼好的想法，所以我只稍微帶過而已，不知道有沒有回答到你的問題www

b3 什麼意思？可以多說點嗎？><

b4 感謝補充～",6,31
6,2019-04-17T15:51:51.524Z,b5 謝謝你的補充～,7,31
7,2019-04-16T06:01:04.896Z,對了 理工學院可能會是第一波搬遷的,1,32
8,2019-04-16T06:27:29.336Z,"重疊時期的原高大學生不加註原校系不是好到他們嗎？

學校想拿四十億補助，啊如果併了才發現沒有那麼多要怎麼辦？",2,32
9,2019-04-16T06:31:31.721Z,"B2 
副校長是說要看長期啦
因為如果說要求強制加註可能對於招生會有不利影響


那個40億經費只是「期望」
畢竟校務會議還沒開
目前只是在公聽會階段而已
教育部會核多少也都是未知數",3,32
10,2019-04-16T07:09:12.152Z,"那我分數可以躺著上高大資工
我可以直接轉ㄇ
乾這併校到底是什麼東西喇乾",4,32
11,2019-04-16T07:22:07.477Z,中山最大的缺點-沒土地；高大最大的優點-土地多。中山進軍橋頭科學園區的跳板就是高大,5,32
12,2019-04-16T07:23:22.819Z,"B5 一切都是願景

計畫書沒出來都不算數",6,32
13,2019-04-16T07:29:03.251Z,乾怎麼可以不加註原校名,7,32
14,2019-04-16T07:47:35.925Z,所以不管怎樣併校完都是叫國立中山大學嗎？,8,32
15,2019-04-16T08:00:32.169Z,"早知道高三的時候就不要讀書了
躺著進高大現在就可以無痛升級中山了QQ",9,32
16,2019-04-16T08:01:16.560Z,B9不知道會不會在畢業證書註明原高雄大學,10,32
17,2019-04-16T08:01:20.975Z,所以學生真的只能接受嗎qq,11,32
18,2019-04-16T08:16:02.971Z,"註明沒有用啦
畢業證書上校名就是一切了
誰應徵工作還仔細看證書上的註明喇
一定都直接寫中山
乾",12,32
19,2019-04-16T08:27:30.602Z,B12 同意 不看畢業證書跟本不知道是原高大 畢業證書要原校名才是對學生的保障,13,32
20,2019-04-16T08:44:50.798Z,B9 你高三時可以預測到現在的併校？？把前途交給巧合或者運氣，何不自己努力牢牢把控當下？,14,32
21,2019-04-16T08:47:56.606Z,併校的事我不懂不多評價，但那些糾結畢業證書的人，我想問問你們以後的就業競爭對手只是高大的朋友們嗎？十年河西十年河東，職場和人生茫茫長，不該有很多變數嗎？,15,32
22,2019-04-16T08:51:18.356Z,"B15 我當初進來就是想跟地名大學有所區別
啊不然你隨便找一間地名大學唸不會哦？",16,32
23,2019-04-16T09:34:41.218Z,B15 那去唸大葉好了 還有獎學金拿,17,32
24,2019-04-16T09:42:32.896Z,"B15 自己的權益受損
就該爭取屬於自己的正義
而不是沉浸在中國的醬缸文化中
在一旁說什麼十年河東十年河西的屁話

你去吃苦當吃補吧❤️",18,32
25,2019-04-16T11:21:44.950Z,"我是B15。取法乎上，僅得乎中，取中，僅得下，而取下，無所得也。既然您們看不起其他學校，那為何不把自己的目標再定高點？沒有，反而是假設要讀大葉拿獎學金？再者，一個人的成功難道更多不是靠自己嗎？你們是靠學校？有人可以給我舉例子是否合併對你以後的成就有直接關係嗎？？說真的，我們的努力程度比學校牌子更重要，這麼高的r square你不去追求，吵併校有用？

就如我之前說的，併校的事我不懂，但我已經能猜到合併成功的話，以後會有一大堆魯蛇會在角落裡抱怨“信不信當初若不是併了三小高大，我今天能獲得更大的成就”",19,32
26,2019-04-16T11:29:45.420Z,b18就併校而已啊........ 為學校發展利益著想。併不併校跟自己的正義並無太大關連....想伸張正義不如去多做公益和善事。除非你要一直讀到博班(應該是不會哈哈)，不然幾年內你也不在中山了,20,32
27,2019-04-16T12:57:50.592Z,"B19奇文共賞
賣弄文言文跟統計學專有名詞不就好有說服力???
個人成就的變異數是啥意思你倒說說看啊?
還有r square又怎麼了?你真的知道r square是啥意思嗎?請問你這邊提的r square是在指什麼模型的解釋力?是在追求什麼?

還有 你知道大葉是一個梗嗎?
連這都不知道 又愛賣弄一些有的沒的 我猜你一定是你們班上的邊緣人",21,32
28,2019-04-16T13:23:00.248Z,"B21 我都不知道他從哪裡得來這些結論的
扯一堆三小未來成就
好可憐的肥宅",22,32
29,2019-04-16T15:52:03.560Z,"橋頭園區非常 非常 非常很重要
要是最後全部被成大收歸旗下
中山真的只能當地頭蛇了
靠高大在這裡快速插旗
從這個角度來說
我是完全不反對併校",24,32
30,2019-04-16T19:29:36.731Z,"抱歉 理解力很差 最後一段
站在招生立場，重疊時期原高大生也有可能不加註原校名。
>> 請教原po B0 併校之後第一屆統一由中山大學招生了 那新生四年後畢業證書當然可以不用加註；可是目前高大這四屆畢業之後證書標註原校名（與清大模式一樣 蔡副校長很愛舉清竹例子）不是理所當然是要寫上原校科系嗎？尤其是一堆重覆的科系.. 為什麼這樣會影響招生？是要跟我說學生合併完一年的科系還沒整合，學生考完落點在高大科系卻是被因為畢業會被加註而不選中山？這樣很奇怪吧 代表間接承認學生不屑高大的加註證書 那也是合併後高大帶來最大麻煩之一

唯一影響招生是大家對中山併校風感到疑惑，很多業界的人資也在最後關頭繳交證書才知道標註這件事（所以沒標才真的對原中山不利），更有sense的是會特別針對併校案重點學校整理起來，HR面試那關就能測出是真是假，透過面談技巧與經驗找出線索也是人資招聘主要的職責之一，再來因為我覺得高大學生一個個自信爆棚，那何必怕人知道他是原高大？？
但只怕業界篩選履歷/學生選校除五大首選，中央之後就中興優先了吧！尤其是科技業人資看到中山那些重點科系被略過的可能性也會提高 因為考慮到找來不知是真是假貨 人資根用人主管時間都很寶貴....
>>所以回答問題本身 為什麼會有考慮招生問題 “重疊時期高大生可能不會加註原校名”之說？

愚民不懂啊 Orz

_另外照這位原竹教的說法 校方說併校加註原校科系名是教育部規定？！更何況前提是清大併教育大學跟創藝術學院 這個人資超好分辨的..... 因為她們說重覆科系竹教會被滅掉 但反觀中山跟高大的一堆重覆科系呢？理性討論 因為只是想知道這對同科系而已的中山學生/甚至今年考上的新生來說是做何感想
https://www.dcard.tw/f/trending/p/225117684",25,32
31,2019-04-17T02:46:39.740Z,其實有沒有併校，本來有能力去GG或大公司的，還是有機會進去；本來沒能力的，併不併校都進不去，不要牽拖學校了。台清交一直在大舉擴張，就中山喜歡畫地自限?,26,32
32,2019-04-17T05:34:01.667Z,"B26本來就有能力的 還是有機會進去根本就是標準幹話
事實就是大公司還是很看學歷
不然照你這樣說大家高中的時候都不要追求台大啊 找間離家近的讀就好
反正有能力就有機會達成目標嘛 那追求台大幹嘛?你現在去跟高中生說看看啊 看你會不會被當白痴
阿學校做的事讓我們的學歷可能會貶值 你叫我不要牽拖學校???邏輯???

我高中數學老師有一次段考出超難也是說什麼會考100的還是會100啊
操 阿問題是原本會考70的可能就只剩50啊",27,32
33,2019-04-17T06:20:56.796Z,"B25

重疊時期的學生
副校長是認為如果他們也在這個（併校後的）環境2-3年了，跟我們領一樣的畢業證書（不加註）似無不可

這部分我有提出質疑。因為就如同各位所感受到的，併校後如果校名是「國立中山大學」，「國立高雄大學」的畢業證書將無法再核發。在這樣的條件下，如果還不加註原校系對本校學生不公平。不過這個問題感覺他們似乎沒有很在意就是了 ...

至於影響招生的部分
如果過度時期招進來的學生要加註
副校長認為可能會影響學生填我們學校的意願（我認真覺得副校長想太多... 清竹併強制加註也沒這問題


你不是愚民la
就連我在現場有時候也搞不清楚
他們都一直在講願景
大餅人人都會畫，最後能得到多少還不知道呢",28,32
34,2019-04-17T06:31:49.305Z,"那學校要不要一起把高師也併一併
反正我們要的只是土地
併完直接叫中山高雄完全大學
簡稱中山高完大",29,32
35,2019-04-17T06:33:31.332Z,"B29 高師沒有很多「可用」土地吧

據副校長透漏，理工學院那邊已經在盤算搬到新校區後要蓋幾棟新大樓了lol",30,32
36,2019-04-17T06:39:06.163Z,"笑死這些教授是不是只會畫大餅還有想怎樣把自己的研究室變大啊
而且怎麼講都只有併校的好處
併個校就能進200大？
笑死人了",31,32
37,2019-04-17T07:01:45.090Z,高師四維校區根本沒地；燕巢校區遠的可怕.........笑,32,32
38,2019-04-17T07:35:04.634Z,"B28 謝謝你的回覆
看來只能在下一個公聽會再特別詢問了把
（如同竹教大不見 那四屆是一定要加註原校的 她是說教育部有規定）

再來是...重疊2～3年的 代表現在大四照領高大（高大版一堆人想延畢）所以是把今年考上中山的新生、志願排在前面的人來說“情何以堪”....
因為不一樣的成績 卻是上了同大學 拿同畢業證書 這點只有我覺得很慘嗎

另外請問大大 您們提出質疑（👍🏻）的時候，副校的回答 ，學生反應如何勒？而且如果想照清併竹的案例（尤其他們很多的系還算很好分辨）竹教大畢業證書確實也被註記呀 不然原本清大已經夠傻眼了還這樣.....

合併之後的全新招生的，我覺得這個過度時期沒加註也就算了（如果併高大 高大科系成績沒飆高也就好笑了，至少清大維持水準 不過我們也只是個小咖就是QQ）

所以重頭到尾都是針對併校之後這四屆的畢業證書是一定要加註的...這個好像沒有衝突吧副校？
感覺犧牲了學生的權益.....
重疊的學生在這環境2～3年可以不加註的邏輯很奇怪...純粹就是重覆這四屆尤其科系重疊一大把，加註他們的熱愛強調高大比中山好的來說，不是很好嗎？（至少前1～2年我們根本各自學校上課為主吧 當然啦除非她們硬要選中山教授開的課 QQ課又要搶破頭了）

然後他們好像很沒在意這點，不就把公聽會當作是願景直銷佈道嗎？沒有要鄭重保護學生以及顧及學生的權益.. 😢
B25",33,32
39,2019-04-17T14:12:12.330Z,"這學期從高大轉來的學生
應該很頭痛吧
早知道不要準備ㄌ",34,32
40,2019-04-17T15:18:51.797Z,B34 還有這囧填中山的新生 vs 高大的新生,35,32
41,2019-04-17T15:41:52.714Z,"B33

其實去的學生不多
文學院公聽會，出席的學生大學部+研究所才5位
聲音不夠大

接下來的公聽會大家真的要多多參與
大家一起重複強調一樣的疑慮，我想高層應該不至於敢全部無視。畢竟我們的意見也是會被納入5/24校務會議參考。",36,32
42,2019-04-15T19:58:45.798Z,但我很喜歡中山呀QQ 不希望它不見,1,33
43,2019-04-16T00:41:26.515Z,"併校之後多了雜系、程度不同卻要一起上課😱
不……我才來一年而已，不要這樣對我……",2,33
44,2019-04-16T05:04:50.309Z,覺得莫名的有道理？,3,33
45,2019-04-16T05:15:31.593Z,"這樣我們是珍貴稀有物種欸(≧ω≦)
不過就沒有下一代惹～QQ",4,33
46,2019-04-16T05:42:24.475Z,媽的 學店要來跟我們併！！,5,33
47,2019-04-16T09:28:55.430Z,B4 我們要變末代中山？,6,33
48,2019-04-16T10:47:55.038Z,https://i.imgur.com/StF0Spb.jpg,8,33
49,2019-04-16T15:58:53.107Z,其實 我有點看不懂這一連串的說法....,9,33
50,2019-04-17T08:30:44.461Z,作為已畢業的校友 怎麼覺得蠻有道理的.......,10,33
51,2019-04-17T16:09:46.670Z,"B9 簡單來說 合併後中山一定會變爛

如果改名 爛的就不是你

如果沒改名 別人會以為你爛",11,33
52,2019-04-15T07:57:13.238Z,到底在講甚麼............,1,34
53,2019-04-15T08:16:58.940Z,白痴仔,2,34
54,2019-04-15T08:36:57.392Z,"我以為只有我覺得室友在睡覺時間吵鬧很機八
太好了原來我不孤單
(｀・∀・´)",3,34
55,2019-04-15T09:15:04.798Z,"台大還不是一堆社會案件
那請問有人因此而不想念台大嗎?",4,34
56,2019-04-15T09:16:21.540Z,白痴，緣木求魚,5,34
57,2019-04-15T10:21:54.422Z,笑死 被幹翻,6,34
58,2019-04-15T12:21:09.486Z,"你這篇真的不行
沒有討論的價值ㄎㄎ",7,34
59,2019-04-15T12:31:28.726Z,B4 因為他們沒弄到臭，我們只要每個學生都會隨地拉屎就能了,8,34
60,2019-04-15T13:13:40.777Z,但是這樣我們也沒優質的學弟妹看了,9,34
61,2019-04-15T16:39:58.095Z,b8你先學會怎麼正確拉屎,10,34
62,2019-04-16T01:54:25.274Z,教你一個方法，去當校長或教育部長,11,34
63,2019-04-16T09:26:46.470Z,這些是你在做的事吧，怎麼這麼可憐,13,34
64,2019-04-16T15:45:23.500Z,"真正實際的是
學校要土地 要各種擴張規模
你就去遊說郭董 張忠謀他們投資學校
這樣就不用浪費力氣併校了

（白日做夢系列）",14,34
65,2019-04-15T04:30:42.628Z,推分享,1,35
66,2019-04-15T08:39:37.936Z,好長，求懶人包,2,35
67,2019-04-15T09:02:24.043Z,"B2 大自然有鬼
你沒女友",3,35
68,2019-04-15T09:27:54.610Z,"B2 大自然有猴精,表藝地下室沒學姊了,想找女朋友可以去鹽埕找很有名的月老爺爺和城隍爺幫忙",4,35
69,2019-04-14T15:43:15.368Z,"https://i.imgur.com/sX2W5pj.jpg
然後現在建言專區打完送不出 呵呵
看起來高大真的還比較透明呢",1,36
70,2019-04-14T16:25:46.059Z,這條新聞不正印證了兩校的確在談實質性合校嗎？但校名要改回中山大似乎不是易事,2,36
71,2019-04-14T16:26:50.621Z,辦公聽會您說逢場作戲，不辦的話您說不夠透明暗箱操作，您行您上？,3,36
72,2019-04-14T16:34:23.974Z,B3 喔,4,36
73,2019-04-14T16:36:20.955Z,B2 是在談沒錯 不過一直都是以為校名維持不變🤔,5,36
74,2019-04-14T18:17:35.063Z,B4 真是典型的酸民,6,36
75,2019-04-14T18:36:03.085Z,科系重複性那麼高，併個屁？1+1小於2吧,7,36
76,2019-04-14T21:06:53.589Z,"不錯啊,有分歧才有分手",8,36
77,2019-04-15T02:57:22.234Z,B3 那那個併校規劃小組才兩個學生代表怎解 副校長那群投一投就過半了,9,36
78,2019-04-15T02:59:41.569Z,B6 那個公聽會建言不給學生不覺得是黑箱ㄇ,10,36
79,2019-04-15T03:24:14.183Z,https://i.imgur.com/q8bdHWI.jpg,11,36
80,2019-04-15T04:45:11.159Z,沒差 這次是他們教授在校內先提 他們沒那種奇怪的堅持 一定要高大或者高雄放前面,12,36
81,2019-04-15T05:50:33.684Z,"B6 噗 在你酸我你行你去怎樣的
我回個一句喔
就是不想吵 還被嘴酸民 到底誰比較酸
我覺得沒氣度的是你吧 ：）",13,36
82,2019-04-15T06:33:56.351Z,傻眼 拉攏比自己爛的學校我也是看不懂,14,36
83,2019-04-15T07:48:06.917Z,高大普遍支持名字就用中山大學啊,15,36
84,2019-04-15T10:03:22.109Z,敢併校我一定發併校提醒信給台灣前100公司的人資部門😇😇,16,36
85,2019-04-15T10:51:27.396Z,B7 1+1=1+(1-1),17,36
86,2019-04-15T13:35:26.455Z,幹 妳當我普物還不夠 還想把我變成高大生,18,36
87,2019-04-15T13:50:26.558Z,"B16 哈哈哈哈 你內容要寫什麼
我幫忙發",19,36
88,2019-04-15T15:03:02.209Z,"我是B16
感謝原po想幫忙xD
不過一個連就業博覽會都辦不成的學校我是不相信學生素質多好啦
至少高科還辦的起就業博覽會",20,36
89,2019-04-13T18:08:08.157Z,"併校大部分議題說實在我也覺得沒什麼差
我覺得那都和教授和行政人員比較有關

唯獨遷校實在是有點不捨
每天都可以看夕陽發呆的日子
以後學弟妹可能享受不到了

http://i.imgur.com/2FVa4M5.jpg",1,37
90,2019-04-13T18:11:02.327Z,B1 有可能是什麼系所要遷去😭,2,37
91,2019-04-13T23:53:06.020Z,"遷校就是爽到某些政客r
ㄎㄎ",3,37
92,2019-04-14T02:44:45.764Z,"第一次來到西子灣的時候是高中畢旅
從那時候就愛上這裡
上了大學發現西子灣中山大學的合稱是如此自然而然
這個傳統維持這麼久～
這一年來感受著中山的環境，真的覺得好療癒好喜歡

感性一下好惹～不要遷校啦😢都還沒跟喜歡的人一起看夕陽……",4,37
93,2019-04-14T03:03:43.154Z,"前提是私立的高醫不跟你併，中山就沒有選擇權。南台灣的醫科也只成大和高醫，所以沒了。如果跟成大併，結果就是成大吃中山，中山滅校。遊戲規則就是大吃小。
明明是談併校，為何有人一直放聲是遷校?
即使一直死守在西子灣，遲早系館也會老舊損壞，加上像是文院那邊地質脆弱，而西子灣完全沒土地了，到時候問題就會出現。而等那時候你們也不會在中山了。",5,37
94,2019-04-14T03:04:41.416Z,"B5 遷校是陳菊時代提的
但後來也不了了之",6,37
95,2019-04-14T07:14:35.418Z,高大西文系、運休系、運競系、東亞系、建築系、工設系、金管系、應經系、工管系、化工系、土木系、法律系、財法系、政法系.......這些系其實中山都沒有啊!,7,37
96,2019-04-14T07:17:37.708Z,B7 西文就是外文,8,37
97,2019-04-14T10:23:45.212Z,併校不是遷校 本來就是為了擴展土地 誰會還縮減土地 到底是誰一直在亂放風啊,9,37
98,2019-04-14T10:54:24.402Z,"雖然坦白講中山不是我的第一志願
但這裡的環境真的很棒

不過應該不太可能遷校吧？",10,37
99,2019-04-14T11:50:43.008Z,"B7 金管、應金？欠電嗎
中山財管屌打他們一百條街好ㄇ",11,37
100,2019-04-15T03:44:41.739Z,"不想跟學店併校
MD=_=|||",12,37
101,2019-04-15T03:50:19.359Z,"電電~電電電~地名學店
雜系多嘛",13,37
102,2019-04-15T07:32:03.118Z,其實高大離橋頭很近，如果未來橋頭科學園區開發成功，對於理工科反而有產學合作地利優勢，不要後悔就好。那塊地真的很值錢，沒了未來只能去屏東找地了呵呵,14,37
103,2019-04-13T14:10:03.522Z,"https://www.google.com.tw/amp/s/udn.com/news/amp/story/6928/3752691

蔡秀芬指出，中山大最近成立評估小組積極展開併校評估規劃等事宜，小組今天起在校內展開15場公聽會，廣納師生及教職員意見。今天連開兩場，師生對併校反應熱烈，也多所期許，校方5月24日校務會議將彙整這15場公聽會意見，討論併校事宜。",1,38
104,2019-04-13T14:38:08.501Z,"B1謝謝❤
but師生對於併校反應熱烈，並多所期許!?!!(嚇                                      媒體怎麼知道期許這回事!?!!🤔🧐",2,38
105,2019-04-13T16:07:23.053Z,"B2 官僚啊官僚...
當天真的都是熱絡期待嗎 還是只是辦完公聽會 假結果 只為了堵住有參考學生意見
B1",3,38
106,2019-04-13T07:24:42.204Z,"我也是ㄏㄏ
就算要修法律課程寧願跑去中正或成大
話說中山本來就不是文組導向，法學院是?",1,39
107,2019-04-13T07:57:50.659Z,北大好厲害哦！！！,2,39
108,2019-04-13T10:49:23.743Z,"我只要想到都是高大尚的人跟教授
我就到畢業都不會踏入高大校區法學院

疑 高大在哪？ 在？",3,39
109,2019-04-13T11:48:04.485Z,"看看第二篇
高大跟文化法的律師應屆都是兩個欸 呵呵
高大錄取人數=文化錄取人數
2=2",4,39
110,2019-04-13T13:46:59.141Z,高大法律系或許不強，但併校後就沒有高大法律系了,5,39
111,2019-04-14T02:54:13.448Z,未來中山有法律系分數大概就中山文組科系裡面排前三,6,39
112,2019-04-14T07:52:15.947Z,B6 呃...管院應該還是比較高...也不是跟中山合併高大法就會突然國考通過率飆高吧⋯⋯,7,39
113,2019-04-14T08:46:33.736Z,陣痛期四年，就算是新成立的法律系，在同校裡文組分數排名也會是前幾高,8,39
114,2019-04-14T13:15:28.145Z,B8 陣痛期四年是怎樣得知的 高科併校還不問題一堆到現在都還沒解決 然後學校規劃小組才兩名學生代表到底是？ 著我們的學校誒,9,39
115,2019-04-15T02:52:16.355Z,我就是不想跟高大的學渣拿一樣的文憑 幹,10,39
116,2019-04-15T05:55:00.799Z,我去看他們的系所 其實稍微換個名稱以後就可以合併招生了耶 所以重覆科系還是很多哦,11,39
117,2019-04-13T05:55:48.866Z,B1 ㄜ我有報名下禮拜的場次 這禮拜時間排不出來想先瞭解一下狀況口氣有必要這麼差嗎🙄️,2,40
118,2019-04-13T11:05:47.850Z,"B2 沒事啦
我記得學校公聽會總共辦了15場
妳還可以多聽幾場",3,40
119,2019-04-13T17:06:19.305Z,"校方的新聞稿是說反應很熱烈0.0

不知道是熱烈支持還是熱烈反對。",4,40
120,2019-04-13T18:14:16.486Z,"新聞稿是說師生反應熱烈並期待哦
若是反對應該不會用這詞彙～而且全文有說會盡快促成，目標200大，不論什麼方式併校都ok",5,40
121,2019-04-13T00:36:46.574Z,怕,1,41
122,2019-04-13T02:41:55.032Z,他媽的學校黑箱作業==,2,41
123,2019-04-13T02:45:05.382Z,抗議到底啦,3,41
124,2019-04-13T02:48:08.652Z,"垃圾王八高大店生
學渣",4,41
125,2019-04-13T02:58:41.832Z,學生會發起鄭英耀下台！,5,41
126,2019-04-13T03:11:23.406Z,"評估小組什麼教職員代表
評估當然是要給學生評估
大學是教書和研究的地方
不是學生付錢取得知識的學店",6,41
127,2019-04-13T04:04:41.302Z,"不～～～～～😫😫😫
評估小組為什麼都是教職員啦",7,41
128,2019-04-13T04:19:27.185Z,"恩啊 所以公聽會只是做做樣子 我們有聽學生意見 啊到時候表決的不都是高層跟校職員............
還把公聽會放在期中考 是有多“急” 😣",8,41
129,2019-04-13T04:28:24.186Z,"B5 學生會可以嗎～感覺好像惦惦的...
FB社團也沒什麼回響 難道只能這樣了嘛
完全不民主跟透明的教職體系 

一開始對高大沒什麼想法 只是他們校板/考試版連續轟炸的嘔文 “校身攻擊”“人生攻擊（不就是中山而已跩個二百五 拜託那就不要期待併校啊他們）” >>以後要和這些混進來的這種品格當同學 
感到堪憂 還有出去外面我想我們也跟著遭殃吧 你是原本中山的嗎？甚至如果被拖垮 校長以及也頗為高調的蔡副校長政策失敗 業界HR篩履歷我看中山也被踢出了 這種被“放大”檢視的行為 對原本中山人的觀感也一起變調了
說真的HR沒時間初階再跟你分你是原高大還是..
頂多面談才會問 沒問的話又依照現在這種格調的模式推敲 可以想像充斥四屆混入業界的人 有多少是前面用中山騙過去 對我們有多傷",9,41
130,2019-04-13T04:31:53.915Z,鄭英耀下台！,10,41
131,2019-04-13T04:38:29.804Z,"我們上的是「國立中山大學」，不是地名學店
那他們就祈禱可以混一輩子吧",11,41
132,2019-04-13T04:56:05.460Z,"B11 就算要併除了畢業證書必須大大標記之外（因為都說比照清大辦理了嘛）
就不要開放這四屆轉系 而且同科系怎處理 最後還是照併了 至少這四屆要維持吧 不然對撞系的同學公平在哪 無法想像他們的公車路線到底能促成多少人去那修課 （我看到時候只能強迫了吧 有些課只能去高大上課/ 或是當高大把我們的系上教授選課搶光光............）

B5 B10 鄭英耀到底想在在位的時候做個什麼豐功偉業 好名留青屎 嗎？",12,41
133,2019-04-13T04:58:26.679Z,ㄏㄏ 鄭英耀真讓人失望,13,41
134,2019-04-13T05:14:41.957Z,"能不能 	鄭英耀校長 2016年8月－至今
-> 2016年8月-2019/5
教育心理博士還這麼一意孤行 罔顧學生的心聲",14,41
135,2019-04-13T07:25:37.379Z,哪天號召一下佔領校長室好了,15,41
136,2019-04-13T08:21:28.680Z,這個只是同意成立評估小組吧,16,41
137,2019-04-13T08:37:04.006Z,填起來~~~~~,17,41
138,2019-04-13T10:24:09.919Z,"是啊 但以後可不只是成立評估小組了

建言的部分剛看才47個人填 :-(",18,41
139,2019-04-13T10:44:06.821Z,建言類別跟身分別的差別是？,19,41
140,2019-04-13T11:26:14.028Z,"B19 建言類別應該是校務發展 或學生 or 其它
重要的是內容 🥺",20,41
141,2019-04-13T13:42:12.216Z,一大堆鼠目寸光之輩在攻擊鄭校長，似乎都無法意識到中山大現在處於一個如何的歷史進程。,21,41
142,2019-04-13T14:19:09.518Z,B21 歷史進程？？？,22,41
143,2019-04-13T14:42:08.981Z,"不要求高大仔多好
只求高大仔修過高崇堯的控制系統",23,41
144,2019-04-13T14:48:37.693Z,我們校長是不是被高醫董事會的人威脅了啊,24,41
145,2019-04-13T15:54:08.147Z,"我覺得校長很想成功  先併再說 反正等他任期到了升官走人  跟高大併校根本就是他的人決定好的事 我們如果不激烈點  好像根本改不了什麼==
跟高大併到底怎麼讓我們進步 靠他們的法學院就能讓我們升兩百名?",25,41
146,2019-04-13T16:11:56.991Z,"B25 
B24 所以弱弱的問當天的公聽會真的是師生反應熱烈跟期望嗎？ 還是只是藉著假公聽納言學生意見 真行併校之實（因為師生同意）這...",26,41
147,2019-04-13T18:02:39.783Z,完全不會幫助進步的計策,27,41
148,2019-04-14T07:58:42.905Z,"B6 是教職員工""""生""""

就是包含學生了",28,41
149,2019-04-14T08:51:42.433Z,"B28 搞不好是教職員，工生（工讀生）？

對不起我來亂的",29,41
150,2019-04-14T12:27:04.973Z,請問這個是什麼意思，我無法把我的意見送出。https://i.imgur.com/C2LxBhy.jpg,30,41
151,2019-04-14T13:12:37.490Z,ㄏㄏ 規劃小組才兩名學生是？？？,33,41
152,2019-04-11T04:00:32.441Z,被罵是一時 無痛升級是一輩子ㄏ,1,42
153,2019-04-11T04:24:29.902Z,人至賤則無敵,2,42
154,2019-04-11T05:30:11.265Z,校名換中山 標註原系所 所以沒什麼好生氣的,3,42
155,2019-04-11T06:05:28.795Z,高大法律有真的很屌嗎？我看也沒多高分,4,42
156,2019-04-11T06:28:39.965Z,"講得好像他們法學院多厲害

台政北東
還有成大輔大

哪時候輪得到高大了ㄎ",5,42
157,2019-04-11T09:09:16.521Z,"高大法我想中山能上的人很多吧...
大家都去念 那些留言的人可能也不在了...",6,42
158,2019-04-11T13:32:26.883Z,到時候真的併了，一堆社科院的直接轉系或雙修電爆他們,7,42
159,2019-04-11T13:34:27.442Z,B7 太好了我終於能擺脫名次墊底了,8,42
160,2019-04-11T15:53:52.266Z,"法學院？
啊怎麼不說他們開不起海學院
笑死
這個邏輯",9,42
161,2019-04-11T16:18:42.564Z,"學測高五級而已?
不然看一下指考平均高幾分啊哈哈～
算分數的才準好嗎",10,42
162,2019-04-11T17:50:47.154Z,"怎麼不看兩間大學世界排名差多少啊？
高大榜上查無此校的欸
中山虧爆了",11,42
163,2019-04-11T19:06:06.120Z,"可悲法律系藍頭超大聲
學店就學店乖乖閉嘴
就是比你們行 就是比你們高啊
頂著學店的名號還敢這麼囂張ㄏㄏ
大概不知道恥怎麼寫吧",12,42
164,2019-04-12T06:43:57.635Z,中山成績是沒有很高啦，但是高大那成績又是什麼狗屎？,13,42
165,2019-04-12T06:56:44.458Z,"https://i.imgur.com/bmHDcPE.jpg
電機系可以笑一下他們嗎",14,42
166,2019-04-12T07:24:05.407Z,"B14  電機指考平均差了12分哦
他們還在爽自慰差五級分 笑死",15,42
167,2019-04-12T07:40:31.496Z,高醫屌的很屌，高大屌的...呃沒有這東西，所以當然想跟高醫併,16,42
168,2019-04-12T14:02:08.493Z,"高大法律那個嘴秋幾點的阿
什麼咖小R
臺政北東法律系再來講話辣 操",17,42
169,2019-04-12T14:39:01.384Z,"法學院開不開得起來跟學校行不行關聯到底在哪裡？
這個問題牽扯到很多層面
包括名額管制還有教育部准不准
教育部准不准又牽扯到更多你意想不到的原因

我們也不是所謂的文組學校
四中裡面就只有中興中正有法律系
還是四中裡面的後面兩間
清大交大哪一間有法學院？
高大比清交屌？
如果照108篩選最低總級分60
他們最引以為傲的法律系如果才60那其實滿可悲的
原本覺得不要拿分數在那邊羞辱人
看到他們這樣反而覺得根本不能跟他們 peace
自己關起門來在裡面自慰
連想回個文都沒辦法ㄏㄏ",18,42
170,2019-04-12T15:21:43.776Z,B18 不推不行,19,42
171,2019-04-12T19:49:21.840Z,大推 B18,20,42
172,2019-04-13T01:25:28.680Z,"B18 
真的可播 
想拿系名嗆他們都不行",21,42
173,2019-04-13T02:39:58.419Z,"高大高大高大



在哪？",22,42
174,2019-04-13T03:25:19.410Z,"https://i.imgur.com/IuWQusn.png
我們學校有社工系喔？
B24我在反諷啦XD
功課都不做就在嘴我們有社工系 笑死XDD",23,42
175,2019-04-13T04:41:13.248Z,B23 沒有吧？,24,42
176,2019-04-13T05:11:32.927Z,B22 垃圾桶,25,42
177,2019-04-10T17:06:47.357Z,還不是靠我大物理系ㄏ,1,43
178,2019-04-10T17:17:06.643Z,還不是靠我大大材光系ㄏ,2,43
179,2019-04-10T17:41:23.637Z,結果最後寫在上面的卻是我大中文系的字體,3,43
180,2019-04-10T17:50:33.664Z,還有我大外文系的字體(⁎⁍̴̛ᴗ⁍̴̛⁎),4,43
181,2019-04-10T17:52:14.874Z,什麼時候材光跟中文也開始研究黑洞了…,5,43
182,2019-04-10T17:54:20.925Z,"B5 你怎麼不說樓上的外文....
差別待遇欸...",6,43
183,2019-04-10T18:04:05.960Z,"你們也太可愛哈哈哈
話說我覺得中山還有個優點就是特別有人情味",7,43
184,2019-04-10T18:32:44.765Z,我愛中山,8,43
185,2019-04-10T19:50:48.232Z,B6 外文正妹多(⁎⁍̴̛ᴗ⁍̴̛⁎),9,43
186,2019-04-11T00:30:15.712Z,黑洞材料是我們研究的,10,43
187,2019-04-11T01:17:04.675Z,B9 中文也不少啊⋯⋯,11,43
188,2019-04-11T02:11:33.336Z,靠北笑爛,12,43
189,2019-04-11T03:24:45.548Z,b9是正妹嗎?,13,43
190,2019-04-11T03:37:19.500Z,樓下開放文院正妹報到,14,43
191,2019-04-11T03:50:46.170Z,B14 肥宅可以嗎？,15,43
192,2019-04-11T05:28:36.279Z,不要老在自己的家裡玩 當地頭蛇有什麼意思,16,43
193,2019-04-11T07:51:29.539Z,合併後獲得的廣大土地以及增加的領域，即使短期內素質稍降，長遠發展來看是值得的。,17,43
194,2019-04-11T10:33:42.698Z,黑洞裡有中山大學的分校,18,43
195,2019-04-11T11:24:13.019Z,政育77777,19,43
196,2019-04-11T15:12:56.878Z,"中山有哦？？
可能放錯吧~",20,43
197,2019-04-12T04:18:24.737Z,B4 銃三,21,43
198,2019-04-12T06:00:06.185Z,政育👍👍👍,22,43
199,2019-04-12T12:53:39.198Z,B20 ㄏㄏ你當然不知道,23,43
200,2019-04-12T14:07:32.745Z,"這時候大家都以中山為榮了
中山真的很棒噠~
希望大家也不要妄自菲薄
一起為自己的專題或研究內容努力
讓中山的名字和logo可以一直出現R~",24,43
201,2019-04-10T16:12:18.408Z,"隨便
跟誰併在哪裡都無所謂

我不認為學校一定要在市區才有辦法存活
學校這塊地最初也真的是軍事用地
所以依規定該怎樣就怎樣我沒意見
美國很多名校都在鳥不生蛋的地方
換句話說研究質量比較重要

雖然我私心比較想跟高醫併
但跟高大併我不覺得會拉低我們
學校排名指標聲望佔很重
再來就是論文數量
跟高大併的論文數量總不可能減少吧
人數也有優勢
像台大成大人數幾乎是清大交大的兩倍
人數多論文產量自然就多 加上他們有醫學系權重又更多（題外話
台成的排名有很大一部分是這樣來的
所以真正研究強的學校是哪幾間看得出來吧（還是題外話
再來就是大家口中的智障
那些人經過四年就全部都洗掉了
就像當時竹教沒被併掉的系
後來分數也漲蠻多的

總而言之強併弱對強的多少都有好處
反正這就是目前的生態發展
靜靜的看吧",1,44
202,2019-04-10T16:25:05.561Z,這樣沒猴子跟我搶早餐很不習慣,2,44
203,2019-04-10T23:54:22.710Z,"B1 原本中山的資源不就要更高大的共享，論文是不會減少沒錯啦 但他們校師生那麼多 論文產量才約中山六分之一 經費也都是中山贏了好幾倍以上 這樣還要花那個時間 那個金錢去合併 是不是有點不符合成本效益 同時那個論文差異也顯示出兩校教授及學生在研究上並非同等水平 合併磨合期更大ㄌ⋯⋯
另合併縱使能讓排名稍微提升 那兩校校區距離差異甚大 及同學修課選擇是否能變多也是一大問題 並不是說併校就是一個趨勢就得一定要併 合併不合併還是得看學生利益及整體師生的意願吧 要不然一味的併而併其實也只是浪費彼此時間 那高科大那個合併到現在好像還是蠻多人在抱怨合併後他們系上經費補助反而減少一半還有學校系統的問題ㄋ",3,44
204,2019-04-11T05:25:38.356Z,中山 西子灣 打狗英國領事館已經是一個景觀整體了，提這種言論的人最好是真為高雄觀光好。另外後面還有軍方用地，要不要全開放啊~,4,44
205,2019-04-11T15:57:32.920Z,因為合併可以解決中山土地不足的問題，又可以增加法律系，各系所規模也可以擴大，利大於弊!!!,5,44
206,2019-04-11T16:42:39.342Z,中山就沒地，跟高大合併可以不花錢拿一大堆土地+法律系，合併後過4年那些人就洗掉了，其實算賺的好嗎==,6,44
207,2019-04-12T16:50:32.489Z,"西子灣沒有中山就不叫西子灣了
光是猴子會搶食物這點
就足夠證明外地人進來根本不尊重生態
政府根本沒有資格動西子灣
有種就叫韓國瑜來睡一晚
我一定在海堤放大龍炮放到警察來",7,44
208,2019-04-13T11:45:06.524Z,B7 卡個，記得直播,8,44
209,2019-04-13T13:16:49.058Z,合併是中山大學西子灣校區+高大校區，遷校是西子灣全部搬走，有人分不清楚這兩者差異,9,44
210,2019-04-09T06:30:52.281Z,"先丟爆料丟媒體把它炒大
成功率就會降低了",1,45
211,2019-04-09T06:55:58.427Z,畫大餅啊,2,45
212,2019-04-09T06:59:00.548Z,要投稿到媒體嗎？,3,45
213,2019-04-09T07:13:22.614Z,"併起來後，跟中央要錢要經費啊。

砸錢做研究提升排名
增加學生數量以追求論文產量以及曝光

能不能入200我不知道

不過台大 清大 交大 成大 除了優秀學生外，很多器材也都馬是砸錢砸出來的

不然排名哪裡來",5,45
214,2019-04-09T07:20:46.957Z,"金費與學校素質是息息相關的，吸引到的學生自然會越來越優秀，排名會上升將會是必然，但能上升到什麼程度，就要看國家對高等教育的重視程度，與未來國家發展方向和社會風氣

併校有好有壞，但就台灣目前的困境，併校將會是一個趨勢",6,45
215,2019-04-09T07:29:35.054Z,"想併校一定會畫大餅啊

跟高雄無關吧",8,45
216,2019-04-09T07:31:46.942Z,"對了
排名上不上升還是得看paper產量跟其他研究方面的指標
學生程度在QS這類的排名不是太重要
https://i.imgur.com/9Kprakx.png


現在我們有很多學門在QS rankings by subjects有上榜，很大一部分原因是因為教授（或研究生）研究能力和論文產量都很厲害，高大連QS Asia都沒上榜了，合校後對排名也不要太過度期待",9,45
217,2019-04-09T07:39:00.137Z,學生真的只能看著中山合併高大嗎？QQ,10,45
218,2019-04-09T07:40:33.369Z,B10 我們可以做的就是盡可能在公聽會上表達我們的想法（估計那個B0 ppt也會出現在公聽會裡，可以先想要怎麼應對就是了）,11,45
219,2019-04-09T07:41:55.398Z,B10在公聽會告訴學校我們不要。如果併校是趨勢，那為什麼非高大不可。手牽手是為著更好的將來，但我現在說實話就是看不到這兩間學校的未來,12,45
220,2019-04-09T07:43:22.579Z,他媽高大這種糞校糞店併了有三小路用,13,45
221,2019-04-09T07:43:28.503Z,"B12

很大一部分是為了法學院吧我想

如果合併真的無法避免，至少也不能讓本校的學生或教授權益受損

很怕學校會為了加快合併的步調亂搞一些有的沒的",14,45
222,2019-04-09T08:04:29.961Z,那個自籌經費補助學生上中山經費比高大多了快十倍是怎樣,15,45
223,2019-04-09T08:10:56.217Z,我說那個經費跟論文發表量也差太多了吧⋯⋯ 這樣合併真的會好嗎⋯⋯,16,45
224,2019-04-09T08:20:18.582Z,B13 很難相信這位口吐穢語的是我校友,17,45
225,2019-04-09T08:53:27.544Z,韓國瑜都能選上了 進入200當然沒問題,18,45
226,2019-04-09T08:54:05.590Z,b17沒辦法他就是了,19,45
227,2019-04-09T09:11:10.413Z,兩校優勢那邊高大是不是沒東西寫，所以只好寫個產學合作能量豐富這種超級不具體的東西充版面啊？,20,45
228,2019-04-09T09:28:16.031Z,願景這種東西本來就是寫一些很難達到的啊,21,45
229,2019-04-09T09:35:48.738Z,看完之後我只覺得我們併校只是想幹走人家荒置的校地和法學院而已，之前跟高大也沒搞個跟中山高醫攻頂聯盟類似的聯盟關係，我看校方本來就不覺得高大是第一順位吧？為我那些系名重疊的同學感到悲哀,22,45
230,2019-04-09T10:24:24.914Z,"中字輩的距離頂尖大學的實力差距還是有的
如果能用校際聯盟的方式互利兩校學生
甚至是高雄地區大學的合作
也許能跟隔壁的成大打成平手
併校效果會與清交並列一說實在太過誇大",23,45
231,2019-04-09T10:34:29.807Z,b23先超過中央吧……成大差的可遠了,24,45
232,2019-04-09T10:37:19.515Z,"簡單來說就是為了免費擴展校地 
外加跟教育部要經費 
不過合併以後的校地面積確實可觀 
大概能從原來的幾十名一下進到全國第五
比台大去掉實驗農場的面積大一些",25,45
233,2019-04-09T10:43:17.857Z,經費講的好像要多少就有多少 教育部也不是印鈔機吧 看那個的ppt很難相信可以要到哪麼多ㄋ,26,45
234,2019-04-09T11:09:18.264Z,B24 有醫學系的話就超越了,27,45
235,2019-04-09T11:19:40.395Z,"高醫中山合併才是多贏的方案
1.    
對教育部：解決學生來源減少的問題
2.    
對兩校學生：更多學科選擇，合併后就業機會和校友分佈
3.    
對中山：學術能力提升，排名提升
4.    
對高醫校方：如上
5.     對高醫董事會：（假設如中山校長講的公私共存，參考美國高校）陳家醫院錢照收，學校又不用管，配合了中央政策，收穫好名聲，又避免了被校友會深究“立校不正”導致最後滿盤皆落索。

還有其他非顯性好處例如對高雄當地的經濟的拉長等

至於校名，是否可以取兩校創辦人孫文和杜聰明的字 -
中山牧大學； 或者參考廣州中山大學嶺南（大學）學院 -
國立中山大學高雄醫學（大學）學院，同樣保留董事會。

目前看來就是教育部是否有足夠的魄力突破公私合校，教育需要創新。君不見現在连我們的驕傲清大交大世界排名都掉到400名甚至500名後了，高教競爭，不進則退。

至於陳家，我理解熙熙皆為利來，天下攘攘皆為利往。但如果格局不夠大，目光如果不夠長遠，貪婪不足，不肯讓利，那麼最後的結果是？啊你說貪婪一時爽，一直貪婪一直爽？？

作為校友另外，我希望中山一定要考慮清楚和高大合併的利弊，三思後行。當然和高醫也是，不要為了併而併，當最後效果不是1+1>2，一切無意義。",29,45
236,2019-04-09T13:07:02.852Z,合併高大、高醫又不是兩個對立的選項，兩個學校當然可以按順序一起合併，沒必要捧一個，貶一個。學校規模小，教育部才不會多撥經費，也不會列入Global Taiwan全校型大學，最直接的方式就是擴大規模，也不需要怕教育部沒有錢，清大合併竹教提出的幾十億預算也沒有缺斤少兩。,30,45
237,2019-04-09T13:46:17.973Z,B30 東華跟花教大合併的經費有少捏 教育部也是會看的吧,31,45
238,2019-04-09T15:31:03.542Z,中山跟高大很多科系都重複啊！！！,32,45
239,2019-04-09T16:37:41.204Z,"說好聽一點是併校
事實上是中山直接吃下高大
但高大竟然還沾沾自喜(？
苦了中山的學霸爽到高大的學渣",33,45
240,2019-04-09T16:49:15.531Z,而且併了成績名次怎麼算啊？,34,45
241,2019-04-09T16:53:10.585Z,B34 系不會那麼快併吧,35,45
242,2019-04-09T21:12:27.164Z,"我不要.... 怎麼看都是√高大有利
然後其中一條對高大畢業採完全保障措施
意思是.......？怎麼看都不公平
校長是ㄎㄧㄤ了嘛
這麼多系所重覆 遠比清大並竹教大
完全荒唐啊",36,45
243,2019-04-10T00:30:30.819Z,"併校從來就不是為了提升學校水平
從頭到尾都是為了收拾當初廣設大學的爛攤子",37,45
244,2019-04-10T02:52:04.660Z,高大學校名字都沒有了怎麼還沾沾自喜,38,45
245,2019-04-10T07:09:02.199Z,"怎麼看都是對高大有利啊笑死
中山跟高大科系重疊率有夠高
阿不就還好高大沒財管哈哈哈哈",39,45
246,2019-04-10T07:23:06.945Z,幸好也沒中文,40,45
247,2019-04-10T07:53:50.265Z,B39 B40 電機哭哭,41,45
248,2019-04-10T07:55:59.188Z,B41 高大系排一可以接在我們系排最後的後面,42,45
249,2019-04-10T08:38:11.632Z,"外文系可以接收教授就好ㄇ
不接收學生LOL",43,45
250,2019-04-10T14:17:35.347Z,B29 你舉的好處，學生根本拿不到啊，什麼可以有更多選擇，拜託高醫多遠啊！我都能跨校選成大的課，為什麼要「特地併校」只為了修高醫的課，再說了，很多情況中山的學生根本沒必要特別跑去修高醫的課，不過就只是「選課時看起來能修的變多了」而已。,44,45
251,2019-04-10T14:50:05.317Z,電機系一起QQ,45,45
252,2019-04-10T14:59:55.371Z,B44 那高大不就QQQQQQ,46,45
253,2019-04-10T15:29:02.064Z,不併校10年後排名會往後退! 中山校地和人口規模太小，研究領域範圍也輸很多私立學校,47,45
254,2019-04-10T15:36:34.604Z,B47 那你離開啊,48,45
255,2019-04-10T15:48:14.714Z,不是規模大就贏。國際排名也不能反映現實，慈濟的世界大學影響力都超過台大了XDD,49,45
256,2019-04-10T15:49:41.031Z,"B47 不過平均每位教授的paper產量是高的

併了高大
研究指標不用想提升",50,45
257,2019-04-10T15:54:44.886Z,"同意 B48 那請離開 現在就可以去私立大學研究領域超凡的學校 謝謝
然後幫外文 電機 QQQQQQQ",51,45
258,2019-04-10T15:58:07.664Z,"B42 但他們吊車尾還是一樣跟你那同畢業證書 搶學校資源/研究所是指導教授

B38 會沾沾自喜是因為他們心裡都想被併啊.....
只是故作姿態覺得我好多同學都不想併校喔 那麻煩抗議到底",52,45
259,2019-04-10T16:05:12.888Z,b47你哪個系啊搞不清楚狀況,53,45
260,2019-04-10T17:31:41.822Z,我剛去看了他們管院的師資背景和研究成果，有些老師很不錯。合併的話至少管院是更強了,54,45
261,2019-04-10T23:31:54.643Z,B54 那也要看會不會教，有時間在那邊搞合併還不如把教授的教學品質提升,55,45
262,2019-04-11T05:19:34.825Z,B49 這還真不要看不起 像早稻田排名比各帝大低 但是名聲做得好 很多世界500強企業也是一併列入錄取學歷,56,45
263,2019-04-11T13:48:33.774Z,"做夢也不行嗎？  
難道成績不好的學生就沒有資格說出
我想要考出好成績嗎？
不要鬧了  這樣太刻薄了",57,45
264,2019-04-11T13:56:03.112Z,b57同意！,58,45
265,2019-04-11T14:25:04.913Z,"B57當然可以做夢，但夢話請在夢裡說。看那個ppt，看兩校差距，我不知道學校是什麼心態提出這樣的願景。如果學校真的有心，為什麼不要尋求更適合、更能幫助自己完成夢想的合作對象呢？
此外，學校有沒有考慮交通問題？第一，學校機車停車位自己都不夠停了，等以後高大來是我們停他們那，還是他們來塞在我們這？第二，我們自己光山上山下趕課都很不便了，那之後楠梓跟西子灣呢？學校到底有沒有在幫我們想這些事啦？！",59,45
266,2019-04-11T17:53:03.679Z,"同意B29
跟高醫併校我才看得出對中山發展的幫助
中山高大校系重疊率高
高大也沒什麼突出的研究能量
併在一起是要突破三小",60,45
267,2019-04-12T02:46:05.717Z,"如果是和台大併，想必校內的學生多數拍手叫好，但是台大的學生就...

結果卻和高大併，想必高大的學生多數拍手叫好，但是校內的學生就...

所以學生說什麼原因支持或反對，其實都是其次啦，就是只想併校名更好的，不想併校名更差的吧",61,45
268,2019-04-12T03:13:28.106Z,B61不全然是這樣吧。像我自己就覺得如果今天跟台大併我會反對，因為他們的課我們選不到啊。此外，兩校合併還有很多的問題，對方校名好聽與否，並不是唯一支持反對論點。都唸到中山了，可以多看資料，多做一些批判性思考嗎？用沒有資料證據支持的論點拿出來跟別人聊正經事是一個有點荒唐可笑的行為喔 ^^,62,45
269,2019-04-12T03:19:37.367Z,B62 好的，妳的批評我會想想，但是校名更好或更差就是主要因素之一，這點妳不同意嗎,63,45
270,2019-04-12T03:23:09.199Z,B63 資源比中山少那麼多 根本就不會想併了,64,45
271,2019-04-12T03:27:59.116Z,B64 好，知道你的意思了,65,45
272,2019-04-12T04:22:13.719Z,聽說校內很多教授是反對的,66,45
273,2019-04-12T04:24:37.960Z,b66  level有差啊………,67,45
274,2019-04-12T05:25:35.468Z,"B67 是嗎 人家不是說教授去高大演講
都斬釘截鐵
共創未來殺小的
然後高大教授想併倒是真的
而且教授反對抗議...校方堅持教育部照審.....
前有血淋淋的例子啊 😢",68,45
275,2019-04-12T05:35:26.129Z,https://i.imgur.com/G3GnFtw.jpg,69,45
276,2019-04-12T06:58:38.614Z,"合併高大不是想要它的設備資源......是""""土地資源""""，高大其實非常近了，根本找不到比高大更近且取得更容易的土地(光一個仁武空地搞了快20年........笑)，中山附近根本沒有可以蓋校區的空地。",70,45
277,2019-04-12T09:39:54.661Z,"併校是拿人家土地來發展。

然後只要確定併校後，那些科系的分數就會三級跳了。

不想讓混分仔爽，也不過就擋那幾屆要他們繼續拿高大的畢業證書就好。

一直吵混分仔到底有什麼好吵的= =",71,45
278,2019-04-12T15:48:00.290Z,"實話說 兩個校區的距離很近基本不可能（那幹嘛不變成一個校區） 都市內沒那麼多地（免費）撥給學校 如果這種距離也覺得遠 仁武也沒必要建 那裡還更荒更遠
只要校車和院系分配規劃完善 這個不是什麼很重要的阻擋理由",72,45
279,2019-04-12T15:56:32.291Z,"B72 起碼要30分鐘誒 我指開車，學校的校車連去文學院跟宿舍都很不方便了，況且跟高大那麼多重複系所 併校後的系所人數變多又該設在那個校區是很大問題吧 如果有系所要從西子灣遷到楠梓心情應該不會太好 
畢竟我覺得還是西子灣的環境比較好",73,45
280,2019-04-12T16:45:17.266Z,B73 學校要把醫學院放到仁武，以後的醫學系新生考高分又要去郊區，不是更要唉唉叫XD,74,45
281,2019-04-12T16:54:20.742Z,B74 醫學院申請的到再說吧= =,75,45
282,2019-04-12T22:29:12.278Z,B74 醫學院mission impossible?,76,45
283,2019-04-13T03:52:52.806Z,"B71 
混分沒有關係
重點是高大的師資真的不行",77,45
284,2019-04-13T04:00:53.311Z,高大根本沒資源併它他要幹嘛,78,45
285,2019-04-13T06:15:43.394Z,中山缺土地和法律系，高大有土地又有法律系，沒土地沒法律領域都是中山的弱點。高大的平地是中山的好幾倍大，又可填補中山沒有的法律領域。,79,45
286,2019-04-13T06:24:04.032Z,併高醫當然更好，但私校不好併，做夢比較快，10幾年前就說要併了，10幾年後還是繼續說~~,80,45
287,2019-04-13T06:25:07.021Z,"B79 清交也都沒法律系啊= =
高大法到底多好不懂",81,45
288,2019-04-13T13:30:02.686Z,合併後是中山大學法律系應該不會太差!。清大都積極合併竹教就是想辦法拓展不同領域和規模，合併比自己申請一個科系快1000倍。中山要自己申請法律系根本不可能。ps:清大有後法律學位、法律所。免費得到一大片土地和蓋好的大樓有何不可? 你有1千元，別人再無條件給你500元，你會說500比1000少所以不要嗎? ps:青椒與中山狀況完全不同，青椒理工優勢已經比中山強很多，青椒都懂得擴展文法商醫學教育....領域，不然會很吃虧，不懂何必畫地自限?,82,45
289,2019-04-13T13:38:11.809Z,B82 太妙了這個比喻！可惜很多人不懂這個道理，觉得人家的500是欠债,83,45
290,2019-04-13T14:23:44.445Z,B82 不會太差是怎樣 國考通過率突然突破五趴嗎 看那個國考通過率就大概知道高大法院的程度啦 真有必要為那個法院而併？,84,45
291,2019-04-13T14:53:17.350Z,你說的是現在的高大法律系，但我們看的是未來的中山法律系!而合併最大的誘因是土地資源!因為中山已經沒地了，而高大是最近最好取得的廣大土地!仁武那塊其實可能更遠更偏僻，而且都斷層，能用的土地可能不到高大的1/5。目前的狀況也不像是合併，是把高大廢掉，免費送中山一大塊土地和大樓。即使短期素質稍降，利還是遠大於弊的,85,45
292,2019-04-05T13:21:41.345Z,"然後原來我們校長早就動作頻頻呢
https://www.nuk.edu.tw/files/14-1000-21033,r70-1.php?Lang=zh-tw",1,46
293,2019-04-05T16:03:22.340Z,"併三小
沒有中這個字
知道有多少理科高中生會棄選嗎？
一旦退出中字輩這個環
就不是台清交成政四中了
他媽高雄大學光聽名字我就不想讀
想錢想到頭腦壞掉",2,46
294,2019-04-05T16:10:04.660Z,"高大當時還有系所評鑑不合格
而且是國立大學唯一評鑑不合格喔
跟到國立真遠並列
這樣好意思瞧不起其他學校笑死


然後世界排名
高大好像一直都沒上過QS Asia
https://i.imgur.com/gusfs1m.png",3,46
295,2019-04-05T16:35:15.998Z,"B2 這樣五年五百億豈不是要share給高大？
你別說理工類了 文科商管和海洋 也是很多人的志願啊～～雖然不比四大 但看來現在高大是宇宙第一大？膨脹到不行～

B3 是啊 高科都還比他們前面呢 還再那瞧不起
= = 真不敢想像以後業界會這麼評判中山",4,46
296,2019-04-05T17:18:02.218Z,考上高大的到底有多蠢…,5,46
297,2019-04-05T19:51:52.542Z,還在五年五百億 你的五年過真慢,6,46
298,2019-04-06T02:32:39.933Z,"高大的狂傲真令我大開眼界
敢自稱超越中山甚至政大
這種目中無人的學生素質真讓人反感
只能說校方真的看走眼

是說當初竹教併清大時好像還沒看過這麼自大的言論",7,46
299,2019-04-06T06:41:52.096Z,"他們還有人說名字要叫高雄中山大學
真的傻眼
要併也是中山直接吃掉他們好嗎
少了這個中字
學校不知道要掉幾分",8,46
300,2019-04-06T12:08:35.135Z,"前幾年的新聞
想要學校離開西子灣的是高雄市政府
畢竟中山大學限制了西子灣的觀光開發
對學校來說西子灣校地空間不夠
某些精密的儀器也不適合放在海邊 
所以才有第二校區的開發
校方打算在仁武校區蓋生科系館、電資系館等
可惜剛好在斷層上 環評沒過",9,46
301,2019-04-06T16:20:04.057Z,窩想跟台大併（做夢,10,46
302,2019-04-06T16:43:08.745Z,"真是噁心學店生，想到未來的學弟妹們要跟，這些素質這麼低落的人共用學習環境，就覺得可憐。
那些假清高的文組也真的很煩，我們就是透過更高的標準篩選出來的，沒什麼看得起看不起的問題，體制下我們就是比他們優秀。",11,46
303,2019-04-06T23:37:15.053Z,想錢想瘋了吧……,12,46
304,2019-04-07T13:05:16.021Z,"四中併校併起來
成為比頂大更頂大的
串串大學",13,46
305,2019-04-09T21:24:50.743Z,"B2 是啊 早就想飆髒話了
現在高大方面PPT公聽會都做好了完全看不出並行對我們有什麼用 併了進200大？ 那來的想法人數變多 教授論文品質差也是沒用 雖然會保留中山 但一直被他們揶揄我們是盜版中山 超ㄎㄧㄤ的 但他們又很期待併校無痛升級或延畢
到時候若真的校長執意併校 請TMD畢業證書一定要像清大一樣 大大的給我標上 *民國ooo年 原高雄宇宙大學（宇宙還不能放前面 他們覺得地名最旺）xx系所畢業 
這樣對重覆科系才公平吧 再者也對得起考上中山的各位 而不是被利用還酸個不停
真希望公聽會有人可以把他們校板po文放出來（截圖免得刪證據）真的講話超級難聽",14,46
306,2019-04-09T21:27:10.046Z,"B3 所以我們併高大就能充上200內
高大校方是覬覦多久了啊",15,46
307,2019-04-09T21:31:13.483Z,"B7 真的 不僅如此 很愛講高大是高雄的代表
中山只是小咖 = = 那別併啊
一直說很愛校 但板上看來都邊酸邊期待併入中山欸 笑死人 這樣狂傲的態度 他們是否想到好幾年前高大想併高第一 教授把技職體系學生抗議的體無完膚 這樣水準的人 我真的快吐了
有抗議活動嗎 😡😡😡😡😡😡😡",16,46
308,2019-04-09T21:37:39.921Z,"B8 超多很奇葩的酸言酸語啊 笑死人
是要吃掉沒錯 但他們其實身體很誠實的 
都在討論延畢了呢 （但註記原校系所是必要吧！）最好還是作廢！
B9 現在不是過了正在蓋嗎？中山高大併校傳這麼久 還不是好幾年晃過去 等蓋完會怎樣嗎～
楠梓離我們很遠欸 = = 還肖想是我們遷校，扯。

B11 是啊 很愛講不想併 可是？
B13 同意 會不過串串大學太可愛感覺不夠正式
或許來個 國立中字輩大學（亂扯因為太氣了😭）",17,46
309,2019-04-10T01:34:59.760Z,笑死高大到底有什資格談合併,18,46
310,2019-04-10T16:01:08.677Z,B18 同學 快去看高大公聽會ppt,19,46
311,2019-04-04T08:12:32.011Z,"到底哪來的自信啊
我連聽到學校想要有醫學系都覺得好笑了
他們還只想著坐等收割",1,47
312,2019-04-04T08:13:12.636Z,"讓他們一直等
成為萬年高大生",2,47
313,2019-04-04T08:27:47.143Z,"畢業證書高大改中山
校名變好聽所以高興 這我還能理解
學校有醫學系到底有啥好高興的
以為這樣別人就會把你當醫生看？==",3,47
314,2019-04-04T08:55:00.087Z,高大到底什麼爛學校,4,47
315,2019-04-04T10:20:58.202Z,"就算中山有醫學系
成績也要到才能讀啊
高大學生以為考上慈濟就能念醫學系484",5,47
316,2019-04-04T11:06:38.283Z,"高大碩班招生還比隔壁高科大慘...
我是不相信併了會像其他人說的世界排名大躍進啦

真的要併根本爽到他們吧",6,47
317,2019-04-04T11:35:50.798Z,B6 高科不是一直都比高大好嗎,7,47
318,2019-04-04T17:34:52.084Z,不是學士後醫嗎,8,47
319,2019-04-04T18:02:19.645Z,高大為什麼這麼愛自慰,9,47
320,2019-04-05T01:57:17.583Z,https://i.imgur.com/z0P38xA.jpg,10,47
321,2019-04-05T02:40:42.668Z,B10 攻三...,11,47
322,2019-04-05T05:23:04.775Z,法學院就算了 扯管院是搞笑吧,12,47
323,2019-04-05T05:40:43.212Z,噗高大商管比較好哈哈哈哈哈哈哈哈哈哈哈哈哈哈比較好碩班都收私科的好意思說,13,47
324,2019-04-05T07:47:11.614Z,"高大已經超越顛峰了 
https://www.dcard.tw/f/exam/p/231019949?ref=ios
喔啊我當初就是沒上高大才來中山跟猴子搶地盤的啦嗚嗚嗚嗚",14,47
325,2019-04-05T08:54:41.965Z,"就是有這種想法才會考到高大
懶得跟他們一般見識",15,47
326,2019-04-05T08:56:35.782Z,可撥高大,16,47
327,2019-04-05T11:56:26.157Z,"X的 從之前就一直聽到他們板上這樣酸了
拿管院去跟高大比 = = 今天聽過最可撥的梗
然後還說中山7pupu就開心 他們只是開玩笑而已為什麼我們要放大
請問有辦法把這些高大的言論在公證會貼出來嗎
有夠沒素質
真的不想跟這樣自我感覺良好還想占便宜的人同個學校
西子灣校區也是很早就再講了 說以後是國立高雄大學～",17,47
328,2019-04-05T12:00:10.348Z,"喔 現在在校的畢業還是會標註原校系所吧
延畢的意義在哪 神邏輯
不是各各開頭都說很多同學身邊根本不想併....覺得高大比中山好（黑人問號）
除非真的蠢到被他們併了 該註記的是我們 咦咦咦？",18,47
329,2019-04-05T12:02:50.419Z,唉,19,47
330,2019-04-05T12:35:23.511Z,"B10 
併校的原因很清楚啊
就是有一間學校要倒閉了
但有可能是中山撐不下去嗎？
要併地也是高大用人脈強制以大併小
這種忌妒說法我也是笑笑的😂",20,47
331,2019-04-07T02:48:18.631Z,沒差 我們提出的方案就是維持國立中山大學的校名 高大再見,21,47
332,2019-04-04T05:05:38.790Z,那請問學生的意見如何採納呢,1,48
333,2019-04-04T05:21:37.227Z,不要併就沒事,2,48
334,2019-04-04T07:18:58.571Z,"我一直聽中山教授去高大演講說確定要併
然後高大教授也很開心 （是真的有某系院長證實八九不離十）經費瓜分分下來給他們吧？而且直接升等中山教授 這跟高大學生為了學歷偷吃口水還不擦一樣 表面不要 身體誠實....
--
再來真要過的話 中山教授不會被收買說服嗎？
雖然我不知道會以什麼方式...真的很難過",3,48
335,2019-04-04T08:23:44.409Z,"我只想問最快(worst case)甚麼時候會合併?
我現在大三,我可不想拿高山大學的畢業證書",4,48
336,2019-04-04T08:32:14.451Z,"B4 不可能吧？高山大好難聽 直接四中-1
而且會註記吧證書 除非中山瘋了國際排名要往下掉 而且系所不一樣倒還好
我b3",5,48
337,2019-04-04T10:22:42.158Z,"B5 
研究所影響不大
只是要要求研究所錄取成績上調
暫時不要讓併完的低素質學生上來",6,48
338,2019-04-04T10:27:04.837Z,"B6 說的也是 到時候教授也會入侵中山
特優原高大生 嘖嘖
不過到時候合併還需要這麼多老師嗎
短期可能沒影響 不過之後整合招生的話....
b3)",7,48
339,2019-04-04T16:50:25.605Z,"公聽會是不是假動作？

難道反對大於同意就會不併嗎？

基本上這種公公併只要送教育部馬上就過了啦 看屏教屏商和清大竹教根本用飛的在合併

鄭英耀上個月不是還說高醫是第一順位，怎麼現在變跟高大併啊？

高大連高大鮮乳都不是他們的，只是名字一樣根本詐欺",8,48
340,2019-04-05T07:50:02.678Z,"你的學生議員是社會系某同學嗎
他不是極度推崇併校嗎
辦公聽會洗腦全中山學生？",9,48
341,2019-04-05T11:39:06.170Z,"B9 有這回事= =....？
B8 是啊 之前清大學生會抗議成這樣還不是...
不是說不能公公併 至少兩間要差不多等級 或是科系重疊性不高才有其價值吧...校長是為了法律系或想擴大為更綜合型/師生比多的目的嗎？
我怎麼看都覺得併完會貶值= =
板上的高大人各各戰神",10,48
342,2019-04-05T11:41:21.170Z,"B10他在靠北版跟大小事不是都很有名嗎
他好像是中山歷年來第一個學生會會長任期沒滿就下台的人呢顆顆",11,48
343,2019-04-09T08:36:33.767Z,"https://www.dcard.tw/f/nsysu/p/231051652?ref=android
-
如果要去公聽會記得理智的告訴他們--他們的ppt真的很爛，我只看到滿滿的大餅，看不到兩間學校的未來",12,48
344,2019-04-04T03:34:42.187Z,別鬧 那個是壽山公園的管理處 以前的壽崗營區 前兩年就開始改建了,1,49
345,2019-04-04T07:39:34.019Z,是個會做夢的同學呢,2,49
346,2019-04-05T11:08:15.232Z,做夢夢到的哦,3,49
347,2019-04-05T11:19:39.236Z,我猜得 感覺很合理啊 我記得陳菊政府時就在吵要把現在校地賣掉,4,49
348,2019-04-05T11:52:20.433Z,仁武蓋好了？,5,49
349,2019-04-03T01:21:53.742Z,可以每個都去嗎？有附午餐欸,1,50
350,2019-04-03T03:52:15.738Z,"合併是學校決定而已
還是學生也可以投票決定之類的啊？",2,50
351,2019-04-03T03:53:37.238Z,"公聽會應該只是聽取學生意見
要不要併還是看學校高層意向",3,50
352,2019-04-03T04:55:15.836Z,"學生會有空去舉牌反韓國瑜,是不會去舉排反對併校哦",4,50
353,2019-04-03T04:56:40.733Z,"B4 學生會現在才沒空管這個ㄋ
可以當成我們學校沒有這個組織就好",5,50
354,2019-04-03T07:33:35.360Z,為什麼不能由投票決定...,6,50
355,2019-04-03T08:21:21.271Z,"所以公聽會的目的只是""""告知""""而已喔？…",7,50
356,2019-04-03T08:53:14.580Z,"為什麼文學院的表單

文院和外系的欄位都必填啊",8,50
357,2019-04-03T09:02:15.082Z,B8 另一個填X就好了吧（？,9,50
358,2019-04-03T09:18:35.668Z,"B9 可是外系的一定要填文學院的系所單位

理院的表單就沒強制",10,50
359,2019-04-03T09:20:48.260Z,可以跟高醫併嗎,11,50
360,2019-04-03T09:52:00.801Z,如果真的要併的話 相同科系這麼多 畢業證書應該要標註原校系之類的吧,12,50
361,2019-04-03T15:33:01.498Z,高醫趕快救我們嗚嗚 你們得先把想跟我們併的風向帶起來 我們就可以一起把這件事搞到教育部 之後你們就不會被陳家董事會拿來當賺錢工具了 中山高醫併！挺起來！！,13,50
362,2019-04-03T16:17:29.853Z,高醫也只有醫學系值得併吧,14,50
363,2019-04-03T16:27:48.576Z,B14 你把牙醫放哪去了,15,50
364,2019-04-03T16:50:12.652Z,"不想併 素質真的差很多啊
我也是希望學校越來越好",16,50
365,2019-04-03T17:02:57.826Z,B14三類科系全都很值得好嗎，不是醫學大學只有醫學系能看ok?,17,50
366,2019-04-03T17:26:08.295Z,"個人覺得兩校分數差異
怕對方學生佔便宜其實不太需要擔心
等這幾屆畢業以後 
新入學的分數要求就會趨同了
如果兩家學校門當戶
對方為什麼要跟你併校？
擴展實際的資源還是挺重要的~",18,50
367,2019-04-03T17:32:26.132Z,B18 不如把高雄所有大學併起來資源更多,19,50
368,2019-04-03T17:48:18.650Z,"B19 
如果可以也不反對啊 
但是也要考慮可行性問題 
學校小就靠邊站
每年的教育部撥款和國際排名就是這麼現實",20,50
369,2019-04-03T18:01:12.080Z,"B20 那我們併會讓中山國際排名下降嗎？
所以撥款有可能變少嗎?",21,50
370,2019-04-03T19:13:54.419Z,"B18 那重覆科系要怎麼辦呢 合併中山一個班級 還是高大校區一個班級....
然後畢業證書跟清大一樣大大的寫上原學校名稱系所很合理吧
只是現在看他們洋洋得意的樣子....實在是很難受
而且幾乎確定了把 天啊
https://www.ptt.cc/bbs/graduate/M.1554218832.A.ED3.html",22,50
371,2019-04-03T19:24:50.721Z,"B22
如果照之前的高科大合併模式
重疊科系是先待所有學生畢業後再行整併或更改系名

具體也是要等公聽會看學校怎說",23,50
372,2019-04-03T19:37:14.142Z,"師傅拜託放過我們==
學店滾啦",24,50
373,2019-04-03T19:46:26.377Z,"B21 我的看法是不會 比如國際排名常用指標之一的師生比 合併在這部分的分數會增加 另外學校這兩年開始要面臨教授退休潮 補充的新進教授還跟不上速度 如果能快速彌補這部分的缺憾反而能避免失分

至於教育部撥款 比照高科大的方案 不會扣減高教深耕的費用 這部分不用擔心 另外過去談合併曾經跟教育部要過22億的合併經費 預估這次應該也會繼續提出",25,50
374,2019-04-03T19:48:53.234Z,B22 是啊 這部分我也支持 可以標註原學校系所 只是覺得沒必要因為他們有些學生在網上嘴欠  我們就直接宣布破局（我看他們最近的貼文就蠻樂意合併的）,26,50
375,2019-04-03T22:42:37.540Z,其實中山高醫合併是四贏，可惜政策無法突破。,27,50
376,2019-04-04T03:01:31.428Z,B25 那校區的部分呢我覺得合併後感覺還是各自在各自的校區上課 排名什麼的學生也不一定享受得到 還不如想合併到底能實際給學生什麼,28,50
377,2019-04-04T03:30:55.628Z,排名很重要呀，排名要是低到爆，說再多特色和福利也吸引不了學生,29,50
378,2019-04-04T03:37:29.237Z,排名主要是看研究生的論文吧 我覺得跟大學部相關不大 而且合併一堆學校的認證都要全部花錢重弄= =,30,50
379,2019-04-04T03:39:07.074Z,"B30 是教授的論文吧，研究生真的還好...
認證這些也還好吧，我們很多認證，像是管院的AACSB本來也快到期了",31,50
380,2019-04-04T03:39:21.193Z,併校真的對學生好才是有實質意義的吧，但說真的，應該也感受不到什麼，不論是學業上資源上或是有關學生未來發展我覺得都不會有啥明顯改變,32,50
381,2019-04-04T03:41:06.045Z,像現在中山學生能到高醫上課或是跨校選修課程，除了高醫距離比高大進，高醫的醫學背景能讓中山學生真的修到在中山修不到的課程，跟高醫併學生才能真的更方便吧（？）,33,50
382,2019-04-04T03:44:42.079Z,B31 那併了是不是高大的學生也可以開始用中山的出國名額跟補助了...,34,50
383,2019-04-04T03:48:01.768Z,B34 學生 校務基金增加以後，這些名額之後當然要會擴大，其實不用老覺得他們是來佔便宜的，像前面有個人說的，要是大家程度相當，這些都不會被拿來討論，但是他們也沒必要跟你合併咯,35,50
384,2019-04-04T03:56:55.296Z,"B35 有嗎 我覺得高醫的學生對合併不反對啊 有興趣的人也蠻多的 主要是因為他們學校高層的想法吧
你能確定校務基金增加到底名額能增加多少嗎
我覺得中山只用多益就能去交換真的很不錯",36,50
385,2019-04-04T04:05:54.530Z,"B36 我也很想併高醫，但是不代表學生一頭熱就行，他們高層的想法當然很重要，因為他們說到底還是私立大學，不可能強迫他們捐獻，這樣太強盜了
校務基金當然是挪移合併到一起，包括高教深耕這些計畫的經費，目前的作法都是如此，所以像高科大之前才會說總經費勝過台科大，排名技職體系第一位",37,50
386,2019-04-04T05:01:58.897Z,"通報 📢
好像有人對這篇文章有新想法唷，快來去看看！
  https://www.dcard.tw/f/nsysu/p/231020185",38,50
387,2019-04-04T05:23:49.336Z,B37 三個學校加起來的錢比台科大多很正常吧⋯,39,50
388,2019-04-04T06:29:36.619Z,"就算跟高大合併經費會變多，但學生也變多了啊。最重要的是平均可使用經費吧。

再來高大離中山很遠，中山的學生也不太會去高大修課、借書，系所也很多重複的，高大的運動科學系和東南亞語系對中山學生也沒什麼吸引力吧。就算是法律系在全台也很不知名根本排不上邊。

而且高大的圖書資源、師資、師生比、研究資源和能量根本都比不上中山。高大學生數跟中山差不多，教育部的補助經費卻少很多，這樣合併不是好到他們嗎。

高大的行政效率也很差，體育館說要蓋蓋十年還孵不出來。

大家可以去看一下高大的校版，之前有一篇文是說高大沒買某某資料庫和期刊，所以他們竟然很多學生盜用中山圖書館的資源！！還大言不慚說用XX方法就可以進去中山的資料庫囉~~這樣低素質的學生根本就不應該跟他們合併。

現在他們知道要合併了就各個竊喜，準備搶著借中山圖書館的書和電子期刊資源。

其實中山已經有仁武校區在動工了根本不缺土地，也準備蓋醫學院，發展只會比高大更好。

難道兩間離這麼遠之前又完全沒什麼交流的學校合併對學生和學校會有多大的利益嗎？",40,50
389,2019-04-04T07:10:09.926Z,"B40 不意外 他們的校板 之前針對併校被轉到考試版 裡面都是一堆想延畢拿證書的
甚至是 中山名稱不見了 以後是 國立高雄大學 西子灣校區 說看到中山崩潰很呵呵 說嘴只會拿廣州中山來講 實在不懂跟他們併有什麼好處 還高姿態的覺得是我們很想併...... 這接下來是不是完全像清大竹教一樣 學生教授意見抗議不採納 直接宣佈啊.....這種素質 拉垮業界名聲吧
--
樓上說的HR會查 but我從事的就是科技業HR
如果畢業證書沒特別註記 真的不會知道
當然可以問的出來 特定幾個明顯科系就知道不是原中山 可是衰在那些.....一堆重覆的科系所啊",41,50
390,2019-04-04T07:19:09.484Z,"B40 
高大真的很可憐
連SPSS都買不起

還有看到留言說併校後要來我們這邊用...

（至少我還沒聽說過哪間國立大學或科大買不起spss的",42,50
391,2019-04-04T09:09:20.828Z,"B40 人家來借書不好嗎，鼓勵學生之間的競爭R

另外中山的行政很多不也是差到爆炸嗎",43,50
392,2019-04-04T09:15:09.198Z,"仁武校地後來有出問題，原本以為能夠使用的部分很多...

後來發現有斷層還是什麼，剩下能用的部分大概是7公頃

(我聽到也很傻眼，數字可能還要確認一下)

至於經費問題，其實希望大學併校是教育部方針之一

中山校方應該會在提出併校申請書的同時要求教育部增加經費。

如果沒有增加經費.....併校大概就會破局啦",44,50
393,2019-04-04T09:51:18.281Z,"B40 
對你沒吸引力不代表對其他同學沒吸引力好嗎",45,50
394,2019-04-04T11:26:17.177Z,"B44 仁武校區就算縮小但至少卡十年的環評已經過了學校也在整地。

目前規劃把生科等科系和一些研究中心搬過去，如果醫學系核准成立也是在這邊蓋醫學院。所以中山也不缺高大的土地啊。

高大很多學生還說中山是肖想他們的校地和法律系……",46,50
395,2019-04-04T11:28:51.811Z,B43 不是借書的問題，他們現在就在盜用中山圖書館的電子期刊資料庫，就因為他們學校沒買。還公開分享如何進去中山的電子資料庫。,47,50
396,2019-04-04T11:29:46.686Z,B45 能投票的話最好啊,48,50
397,2019-04-04T11:38:32.072Z,"B45 不是科系越多就越好。

再說高大和中山沒重疊的科系也只有八個，難道多這八個系中山對高中生的吸引力就會變高嗎？就算拿高大算是經費最多最具吸引力的法律系來說好了，東吳的法律系還比較知名和具影響力。

高大和中山沒重疊的系：
法律 財法 政法
運動競技 運動健康與休閒
東亞語系（越南 日語 韓語組）
建築系 工藝與創意設計學系",49,50
398,2019-04-05T11:46:37.016Z,"B49 所以公聽會只是做做樣子吧 不會採納學生意見 公公併教育部很快就審了？
而且科系重疊這麼高 為了衝學生人數/排名還是有什麼其他目的非得併高大不可？疑惑...😕
不只是說肖想他們校地啊 還有各種難聽的話喔
只不過好像再迪卡感受不到反彈聲浪 相較高大版幾個月前就一直蠢蠢欲動 期待+各種酸",50,50
399,2019-04-05T12:27:44.925Z,"B50 之前清大併竹教學生反對的多也是沒用啊

屏教大和屏商2015年9月通過合併，隔年8月1號就正式合併成屏大了。所以公公併只要兩校校務會議通過教育部基本上就是直接通過了。教育部好像也覺得中山規模太小，希望中山跟其他大學併。高醫很難併，所以就把目標轉到高大了吧。學校也有併校壓力。

高大只有6000個學生，教授200多個，合併的話師生比反而下降。

再說高大研究能量那麼弱資源又少，連一堆電子資料庫和英文雜誌都買不起，合併只是來搶中山資源，也好到他們教授而已。

我們教授說中山教授的論文數量和水準都很高，因為沒達標和升等學校就不會續聘，像高師和高大那種非研究型大學的教授就比較好混。

而且高大校版之前有人討論和分享如何盜用偷連中山的圖書館電子資料庫呢。這種自己沒有就正大光明偷用別校資源的學生素質可見一斑。",51,50
400,2019-04-05T15:56:35.487Z,"B50

也不太可能是為了排名吧
我們外文、理工、管理等在QS rankings by subjects上都是上榜常客

併了高大說不準排名還會掉",52,50
401,2019-04-05T16:29:55.783Z,"B52 那到底為什麼要併 😭
是真的想把西子灣變成度假村或回歸村民嗎 讓我們遷出嗎（剛看到的一個可能）
而且我必須說 高大的某些教授是很期待跟強調併校在即的 掛在嘴巴....
要不然就真的只是用地不夠...等不及仁武校區嗎（都等10年了）好不容易要動工（還是已動工？）",53,50
402,2019-04-05T16:48:20.610Z,只能問校長之類的高官了,54,50
403,2019-04-11T18:12:54.815Z,"併了高大後中山的國際排名到底是更好還更糟
高大的論文質量跟數量實在是有點擔心阿
不是併校教授研究水準就會一併提高
而且經費上的差距教育部有可能補助到
讓中山人分配的比以前未併校時更多嗎？
怎麼想都不可能啊",55,50
404,2019-03-22T05:49:17.812Z,研究所快跑,1,51
405,2019-03-22T13:32:52.061Z,出什麼大事 最好是連修課都一起修 有人幫忙墊底還不謝主隆恩,2,51
406,2019-03-22T13:47:41.483Z,B2 可是他們應該在高雄大學校區,3,51
407,2019-03-22T14:01:29.266Z,那就更沒關係了 所以出什麼大事==?,4,51
408,2019-03-22T15:51:49.001Z,出什麼大事GPA拉高欸，推四大更容易欸，但我要走了大家加油,5,51
409,2019-03-22T17:17:22.907Z,嗚嗚比較想跟高醫併,6,51
410,2019-03-23T04:50:57.204Z,不想併😭,7,51
411,2019-03-23T07:00:46.400Z,"蛤 早知道當初高中給他玩到爽
上ㄍ高大就可以拿中山文憑ㄌ",8,51
412,2019-03-23T07:58:54.303Z,"早知道高中不要玩這麼爽
來中山結果變高大文憑==",9,51
413,2019-03-23T11:24:38.964Z,"神串留名
我也要走惹
還好沒五年學碩",10,51
414,2019-03-23T13:11:56.335Z,嘖嘖,11,51
415,2019-03-24T05:32:32.970Z,"沒重複科系名的沒差吧
例如

中山叫機電系
高大叫機械系

中山叫物理系
高大叫應用物理

畢業證書看出來就知道了
人資這方面的功課還是會做

但重複科系名的請節哀QQ",12,51
416,2019-03-24T13:14:53.421Z,B6 併高醫未知性太大，但我們老大鄭校長是一個很有魄力和願景的領航人，希望帶著中山衝出目前的困局和低估，其實前任楊校長也是，但苦於政策緣故，始終未能更進一步。,13,51
417,2019-03-25T14:58:48.253Z,"高大不要又跟以前一樣 
最後關頭反悔就好",14,51
418,2019-03-25T15:00:55.864Z,為什麼不保持現狀就好...,15,51
419,2019-03-26T08:19:33.118Z,"反正中山校名不動  其他都好談
不過高醫大學生會也在辦併校說明會
學校這回是打算通殺嘛XD",16,51
420,2019-03-26T12:22:45.604Z,B15 在這個動態競爭的學術戰場，不進則退,17,51
421,2019-03-26T13:01:50.522Z,"高大離我們那麼遠 併了很少有人專門去哪修課吧⋯⋯ 除了排名還有什麼實質效益嗎
以後申請的經費可能還要一部分給他們..",18,51
422,2019-03-27T00:35:35.186Z,"根本還沒過好嗎   假新聞要關三天
目前是成立評估小組

中山跟高大併，主要是想要校地以擴張版圖啦。

啊教授有些會反對.....因為這樣他們可能就要跑兩個校區開通識。


另外，目前是高醫那邊有一股勢力想要合併(我不能說太多)，但是還沒正式提到會議上。",19,51
423,2019-03-27T17:47:50.329Z,B19 這講話講一半的一般在電視劇第一集就領便當了,20,51
424,2019-03-28T02:53:22.102Z,B20  我猜是跟董事會風波有關啦,21,51
425,2019-04-03T10:32:11.094Z,後悔沒去成大= =,22,51
426,2019-03-21T13:52:17.343Z,"重要嗎？
個人覺得對學生影響不大
醫學系還是醫學系
牙醫系還是牙醫系
電機系還是電機系
企管系還是企管系",1,52
427,2019-03-21T13:55:51.983Z,"b1 我分析了一下 感覺最大原因是高醫校友會想用這次跟中山合併的這個機會 把很黑的陳家董事會弄掉
這樣一來如果真的併了 對高醫也都有好處
現在就差在高醫校長不願意 他可能是偏向董事會那邊的人 所以才一直不表態",2,52
428,2019-03-21T13:56:08.327Z,"至少比跟高大那麼遠併好吧
修課都是一個問題了
況且中山三類科系真的是不多啊，剛好高醫二類一類也不多，以跟高大併來說，互補性怎麼看都是跟高醫併高

不過有一篇文說假若併了之後高醫會變成學院，我是覺得對人家很不尊重啦，畢竟好歹也是個分數不低的大學^_^",3,52
429,2019-03-21T13:59:25.669Z,b3 我也覺得互補性最高,4,52
430,2019-03-21T14:06:53.219Z,"B0 你的想法還滿同意的
據說現在校長真的疑似是董事會派系的人
有興趣的話你還可以去看一下就會發現董事會裡面的一些人跟KMT也都有不小的關係

B2 我是覺得跟誰併都沒差
反正就是各取所需
配套有做好就好
至於變成學院什麼的我覺得想太多了
如果想這麼多就乾脆不要併校
每間學校每個案子都在吵這些問題
還有最好笑的校名問題
再來就看看中山如果要併校會不會把高醫教授的職位拉下來一等
很多都是因為這樣破局的
像成大之前也都有跟其他學校談併校最後都不了了之就是因為這樣
全台灣除了陽明交通、清華竹教、高醫中山之外
其實還有很多併校案只是沒吵起來
至於有名的併校案也都吵了幾十年有了
所以我覺得說不定我畢業了都還沒一個共識（？

再來就是為什麼我會覺得不重要
因為在這裡討論半天通常都還是學校各單位主管、教職員、行政高層投票做決定
那學生間自己討論不想跟誰併、要跟誰併意義不大

至於我的資訊從哪裡來？
我哥就是高醫醫學系在籍的學生

我是B1",5,52
431,2019-03-21T15:15:45.619Z,"醫牙藥比我們好而已
所以校名中山在前~",6,52
432,2019-03-21T15:29:36.943Z,"b6 校名順序我倒是無所謂啦 但是有可能會變得很難簡稱哈哈（最少也要四個字 要不要來賭

（馬der 人家都還沒想要跟你生小孩 我們就在想小孩要叫什麼名字ㄌ",7,52
433,2019-03-21T16:17:35.182Z,至少我確定不可能叫中山醫學大學啦,8,52
434,2019-03-24T12:03:11.800Z,"中醫大學
高山大學
高中大學
中山高大學",9,52
435,2019-03-24T13:29:56.079Z,"結合孫文和杜聰明的字就好了——中山牧大學。

再不行就西子灣大學也好聽～",10,52
436,2019-03-27T00:36:48.556Z,B2 正確。   不過現在高醫校長是董事會的人,11,52
437,2019-04-01T16:08:57.988Z,那資管系呢?  高雄大學=>資訊管理學系 一ㄇㄇ一樣樣,12,52
438,2019-03-01T03:15:34.278Z,"跨院選高醫
這政策不錯
我脫魯時機來臨


反正不要高大跟哪間併都好",1,53
439,2019-03-01T06:35:09.425Z,"高醫好啊！加分耶~

誰要跟高大，根本扣分
而且學生吃相難看…",2,53
440,2019-03-01T10:43:53.432Z,"祝中山並列台清交
中山高大學",3,53
441,2019-03-01T11:19:34.412Z,"這就對了  英耀
多健康多正面",4,53
442,2019-03-01T11:50:36.456Z,兩校合併的正式報導從十幾年前就開始有，但有一絲絲可能性嗎？得看我們鄭校長的魄力了,5,53
443,2019-03-01T13:56:24.485Z,到底誰併誰要說清楚啊 陳家的野心很難說,6,53
444,2019-03-01T16:58:07.729Z,"https://www.dcard.tw/f/kmu/p/230790720?ref=android

高醫很多雜系分數比中山高?!",7,53
445,2019-03-01T18:03:23.757Z,https://www.dcard.tw/f/nuk/p/230736325?ref=android,8,53
446,2019-03-02T03:50:53.713Z,發現大家的校版樓蓋很多，只有我們學校學生感覺不在乎 哈哈哈哈哈哈哈哈,9,53
447,2019-03-02T08:23:42.702Z,拜託不要高大,10,53
448,2019-02-27T09:44:57.188Z,小的不懂順便問問 國立跟私立能合併嗎@@?,1,54
449,2019-02-27T10:36:27.141Z,很難很難,2,54
450,2019-02-27T17:41:12.737Z,高醫跟我們比較好，中山醫就像跟你同名的陌生人而已~,3,54
451,2019-02-28T02:45:58.166Z,距離也太遠了吧,4,54
452,2019-03-01T10:46:14.099Z,中山大學台中校區😂,5,54
453,2019-03-07T14:09:57.773Z,跟哪裡併也不會改校名啦，只有交大會那麼做，大家還是喜歡清大的方式，至於院名無所謂。,6,54
454,2019-02-27T04:28:41.861Z,"走！一起去抗爭
叫學生會代表去遊行抗議靜坐",1,55
455,2019-02-27T04:53:06.959Z,"跟高大併真的是莫名其妙
先不管兩校學生分數程度差異
重點是一堆系都相同 
他們大概就多了一個法律系
感覺並起來效益很低啊",2,55
456,2019-02-27T06:05:28.477Z,"有些高大學生超開心啊
聽說要坐等延畢",3,55
457,2019-02-27T06:18:45.435Z,"中山大學學生少於10000人
被列在教育部的併校名單內
所以遲早都要併

高醫除了卡在法規不允許，人家董事會也未必願意
師範 不知道為何一直沒有討論到這間
再來就是高大

Ps.十幾年前年前也曾經說要跟成大併，那時候成大跟中山的差距還沒有那麼大",4,55
458,2019-02-27T07:01:40.575Z,這件事情到底有沒有確定阿,5,55
459,2019-02-27T08:34:56.562Z,"通報 📢
好像有人對這篇文章有新想法唷，快來去看看！
  https://www.dcard.tw/f/nsysu/p/230780058",6,55
460,2019-02-27T10:20:14.001Z,"B4 原來是這樣
不考慮高師的話
看起來好像也沒更好的選擇了QQ",7,55
461,2019-02-27T17:35:07.463Z,讓我們回顧一下中山的歷史，我們的傳統不就是一直吞併其他學校嘛（笑）,8,55
462,2019-02-28T02:44:01.177Z,"能理解原po的心情
努力考上中字輩的學校憑什麼地名學校的學生可以輕鬆藉由併校得到和我們一樣的學歷
不是我歧視那些學生
而是這根本就不公平

阿雖然中山並沒有好到哪去
但好歹也是中字輩",9,55
463,2019-02-28T02:58:31.512Z,"這樣看來
當初清大的痛苦大概就是我們的10倍了",10,55
464,2019-02-28T03:48:46.563Z,"B9 學測指考讀心酸的QQ

B10 可是他們校名分數都還在工院依舊很威啊XDDD

清大那時候的爭議好像還跟校長違反程序正義有關
後來情況如何就沒關心了
希望學校好好處理不要搞得烏煙瘴氣的QQ",11,55
465,2019-02-28T04:32:42.630Z,"B11 
比我們痛苦是因為清大跟竹教大之間程度的差異比中山跟高大多太多了

像我以前的同班同學大學只考上竹教

結果隔年併校後竟然就轉到清大的科管了QQ",12,55
466,2019-02-28T12:02:56.145Z,"憑什麼我們努力這麼久，就得跟地名大學平起平坐？
重點看了裡面的文章，一堆高大留言根本得了便宜還賣乖
只能說可笑！",14,55
467,2019-02-28T16:11:22.720Z,"有差嗎？反正併校也只會爽到友校在校生而已
更何況，併了不一定能有好工作，沒併也差不多
都只是這個社會中一顆無力的螺絲釘
老闆一樣是用香蕉在請猴子，不是嗎？
而且還不是一大串蕉，是一條蕉而已
所以，併與不併，有什麼差別？",15,55
468,2019-02-22T18:19:52.203Z,"然後以是這篇高大學生的反應？
到底是誰幼稚 還屁來屁去呢？
以及我不明白原po po文的用意
竟吊出一堆高大人

現在是大併校時代嗎？
(原文網址: https://www.dcard.tw/f/exam/p/230748958?ref=ios)",1,56
469,2019-02-22T20:10:21.598Z,"何必跟那些懶的考研只想靠合併洗學歷的人吵呢：）
反正我們都不是台清交 哭 
只不過是中字輩vs地區大學",2,56
470,2019-02-23T03:11:17.797Z,"併校我自己覺得普遍都是利大於弊
我說做研究的部分",3,56
471,2019-02-23T04:23:21.863Z,"併高大幹嘛啊？
兩校科系都差不多啊
有什麼用?",4,56
472,2019-02-23T04:43:50.304Z,"中山校地太小真的是硬傷
換位置或者併校我覺得都不錯
不用太侷限在現在的排名
那都一時的而已",5,56
473,2019-02-23T04:57:51.147Z,"雖然公私併太難
但我覺得反而併高醫較好
科系可以更多元",6,56
474,2019-02-23T05:04:09.063Z,"有閒時間的可以去看看高大留言
有個高大的竟然說“高雄”這個地名很重要
因此合併後要叫高雄大學
然後說世界有兩個中山 高大只有一個
因此高大很重要
要不是因為下面留言 我真他媽以為是反串
哈哈 傻眼喵喵",7,56
475,2019-02-23T05:07:47.494Z,"不用浪費時間看那種咖的留言
既然併校可能成真
大家認真討論也無妨
不要像某群人投完公投還不知道自己在投什麼",8,56
476,2019-02-23T06:47:29.309Z,先外送一些猴子過去,9,56
477,2019-02-23T06:55:32.494Z,樹德妹子如果不要太+9氣也歡迎併一併呦:),10,56
478,2019-02-23T07:10:20.705Z,"B7 大家真的是沒看到他們那篇下面的留言!!
驚覺原來我們在他們眼裡是間店 可是還想要靠我們店抬高身價 ？這邏輯我不懂
沒錯 我就是看到這樣的言論才傻眼
怎麼會講這種秀下限的話
我也不是太閒去看高大版
我是在考試版看到師大的同學po文並附上他們在討論併校的連結 他們說是反串 可是明眼人都知道他們就擺明要延畢等畢業證書 然後一方面又覺得他們很委屈 再者 很久之前高第一有想跟高大併 哇高大的反應激動的勒還連署抗議 而且我也是回覆在考試版那篇就被高大尚群剿了@@

B5 我覺得在西子灣還不錯呀 傍水而坐 吸引國際學生 再者我們不是已經在新建校區了嘛
還有我覺得是心態問題 如果他們留言可以不要一直搞的好像我們非依純在高大不可 堅持所謂的高雄地區名稱 （阿不就有高師 高科了嘛）

B4 根據高大尚說 我們很哈他們法律系
B2 想洗學歷就算了 可是他們妄想高雄大學西子灣校區 黑人問號？還是要我們牽去高大校區？
姐 真的可以去看個他們的留言就知道了....

B6 是啊 可行性比較難 不然有醫學院真的可以在升個level 雖然真的高醫還不一定想跟我們併這倒是真的 而不像高大嘴巴不要 身體很誠實 還在假反串

B9 怎麼送啊 人家都說這邊這邊是他們的校區了
猴子依然在我們這哦
B8 不是太閒去看的 如同我回覆B7的話）",11,56
479,2019-02-23T07:17:18.214Z,"2校那麼多同系所的,那不是很多系都要廢了?
這樣是哪間的會被廢啊",12,56
480,2019-02-23T07:31:27.571Z,B12 合併成多班吧.....,13,56
481,2019-02-23T07:54:46.933Z,"這個話題好久了呀~

實話說，從科系效益來看，跟高大合併沒有什麼意義，對方也就多一個法學院，可是在台灣也不算頂尖程度（沒看不起，就事論事而已），教育部給的經費也不多，對於提高競爭力沒有幫助，還不如集中火力把公私立合併的法規屏障解決掉，跟高醫在一起（之前出新聞，高醫的學生也沒那麼多牢騷），高醫只要恢復原來的名字，再加上前綴叫「國立中山大學高雄醫學院」即可，大家都開心。

至於校區的問題，我覺得西子灣校區是絕對不能放手，全台灣唯一在海邊的大學，附近又是風景名勝，每年光遊客打卡就能穩定增加曝光度和認可度，比如很多大陸人已經直覺認為中山是台灣最漂亮的大學（當然台灣人可能有不同見解，比如某平地大學更美），社會評價也會有顯著提升，而且我聽過很多外國學生來中山亦是基於這個理由，放掉絕對是學校最大的損失。校地不夠，像仁武那樣建立新校區就好了，尤其能在市中心建的效益最高（像現在重點開發的亞灣區完全可以跟市府聊聊，跟主校區也近），即使只有一小片地，放幾個研究所。

至於高大的學生說的也沒錯，地名大學留著沒問題，但是我是覺得中山校方要搞清楚，儘管都是國立大學，我們的定位應該是全國型大學，而不是地方型大學，如果你合併的結果是把自己的校名搞得那麼地方性，比如「國立高X中X大學」，甚至直接被吞掉（我們應該不會那麼秀逗吧），第一以前建立的知名度全部打掉重來，你碰到QS那些排名，絕對會嚴重下跌（尤其互評那項會讓其他人霧煞煞），跟自己要增加競爭力的目標違背，第二以後有意願到其他縣市擴展校區，只會讓自己綁手綁腳，不要滿足於當南霸天（何況還不是）。好像有看到一個理由要直接改名成高大，是因為中山有兩個（胡說 我們還有National），名字類似就要改，那清大也有兩個，交大有五個，幹嘛不一起改，我還嫌你的名字沒有國際知名度咧，駁回。

有些言論其實不用太在意，有空多做研究發paper，畢業賺錢了多給學校捐點（開玩笑的），有消息再認真跟校方討論就好，現在互相嘴也沒意義。",14,56
482,2019-02-23T09:42:20.904Z,"仁武校區已經在蓋了
高大也只多法律系而已
（好像還有運動系和韓語、東南亞語系？
高大距離也太遠
校區差太多
我們學校圖書館的書也多很多
這樣會不會很多書被借調到高大QQ 
而且之前以為高大鮮乳是他們的結果不是
更沒合併的理由了（誤

還是跟高醫併比較好
不能併就算了",15,56
483,2019-02-23T09:51:05.952Z,"b13這樣高大特爽耶,連區分都沒辦法區分xd",16,56
484,2019-02-23T10:53:56.882Z,"B14 cant agree with you more!
我知道 我也不想浪費時間跟他們嘴 只是看到自己辛辛苦苦考上的學校 被講成這樣還是有點難過才在考試版回了幾句 所以後來我也不看了 讓他們繼續叫囂 （我知道我們不是四大 小咖而已 但總是有對自己學校的認同感 就像高大尚覺得自己地區型稱號才是正規....傻眼的言論）

然後是考試版師大同學po出2～3年確定併校 我們的教授真的一直跟他們說確定要併嗎？還有高大教授也都上課宣揚了 
然後教育部似乎也一直把中山+高大綁一起？
連結直接到高大版po文 我想說滑一下 結果下面竟是這麼多莫名的留言 一則想要延畢併校升等中字輩 二則覺得中山是要被高大吞 = =

對 你說的沒錯 的確有人說中山有兩個了 所以高大無誤（連中山都不見喔）他們不知道中國有清華有交通嗎= = 眼界真的很小
我也覺得西子灣很美 不然韓市長大力推廣觀光其中有西子灣為何 這些都是稀有國際學生 提高全國競爭力的優勢（當然需要有質量的paper產出）

再者是他們自己都在嫌棄聯大/輔大（有人拿這假設併校他們也會不爽）所以雙重標準？
以及更之前連署抗議嫌棄技職高第一

我們是綜合大學、研究型大學很多外籍生是來這邊讀研的 增加國際校友 我們累積的成果 高下立判 最後QS若真變高大西子灣校區 歪國人決定會霧煞煞...",17,56
485,2019-02-23T10:56:31.519Z,"B16 所以他們hen開心呀
有一派都說要延畢等拿中山畢業證書
我很好奇若萬一*（拜託不要）併校後那些從高大轉學考過來的人怎麼看",18,56
486,2019-02-23T10:57:24.327Z,"B15 所以高大鮮乳就只是單純廠商名稱嗎😂
喔 他們覺得校方很哈他們的法律系而自嗨
所以是我們一直要求併校的 他們很委屈這樣",19,56
487,2019-02-23T11:05:27.512Z,高大鮮乳好喝,20,56
488,2019-02-23T11:26:54.657Z,"首先如果併了校系重複性那麼高
他們同系所被吃掉的可能性超級大
再者我相信學校也不會想要放棄中山這個名字
地名跟四中鑲金度還是有差
還有畢業證書的問題
我覺得在合併之前進高大的應該會被特別註明！然後合併之後因為相同系所都被吃掉了所以對我們的影響也不大～
最後如果中山併高大，然後我們把他們系所吞掉，但又維持相同的招生人數的話，按照上面所說的我們是賺到的，多了一個校區資源也變多，學歷還不會貶值（前提是合併前的要被標註啦～）
超級爽的啦！咕嚕靈波｡･ﾟ･(ﾉ∀`)･ﾟ･｡

Ps.理性的討論，彰顯我們的文明程度！",22,56
489,2019-02-23T11:27:51.928Z,B19 你不講我都不知道他們有法律🤔,23,56
490,2019-02-23T12:33:32.421Z,"B24
Level不同自然不用管他們說什麼
而且台大那篇一看就知道是魚餌
會上鉤真的很好笑",25,56
491,2019-02-23T12:33:51.028Z,#更 2019/2/23 8:36,26,56
492,2019-02-23T12:36:33.820Z,"B14中山不是唯一啦，海大也靠海啊。

-政經嘸正經",27,56
493,2019-02-23T12:43:26.580Z,"B26原PO別跟地名糞校生吵啦
那群廢物的時間多到可以花一堆時間講滿口沒邏輯沒論點的屁話跟你吵  也不會講些有建設性有道理的話(畢竟沒讀書嘛)
反正他們永遠會覺得不管怎樣他們就是講贏了就對了  只會逞口舌之快的可悲仔  永遠不願面對自己只考上地名糞校的事實  他們覺得講贏了就讓他們這樣覺得吧
我們的時間珍貴多了  把時間拿去做其他有意義的事吧  別跟他們吵了  一群在吠叫的狗罷了",28,56
494,2019-02-23T12:58:12.689Z,"B28 其實我真的因為在她們校板那邊的留言 我才被“部分”高大的同學嚇到 為什麼可以這麼的狹隘
我強調部分是因為那些不代表全校 不代表沒再用Dcard的人
說真的 我發自內心也沒有覺得地名大學或讀其他私校不好怎樣 有可能是考試失利 或是各種環境原因 人品好不好 有沒有人上進心是最重要的

所以我重頭到尾回應的都是針對評論 其實無關什麼學校 我也有親戚是讀地名大學 可是當一個人有沒有辦法言之有物 而只是一味的膨脹自己 這才令人不齒的",29,56
495,2019-02-23T13:19:39.152Z,"笑死 就讓他們在自己校版高潮就好啦
便宜都佔盡了 還真好意思",30,56
496,2019-02-23T13:33:52.068Z,"B19 高大鮮乳是日治時期成立
現在由台灣人接手
牧場在柴山和屏東
所以高大不是高大的",31,56
497,2019-02-23T14:03:06.066Z,B27 不管了，反正很多旅遊網站也忽略海大www,32,56
498,2019-02-23T14:37:30.449Z,"B17 
https://udn.com/news/story/11311/3586963
我覺得校方目前似乎更屬意高醫，年初校長在大學校長會議的發言內容就很值得玩味。另外去年我看學校的預算計劃還是什麼文件，記得裡面也有專門寫說跟高醫的高層談過，看字面意思還算是郎有情妹有意。
不過這段接觸內容我沒看到任何官方公開的說明和報導，加上教育部的進度實在龜速，所以也不好現在說死，免得跟之前其他合併案一樣又有變數。",33,56
499,2019-02-23T15:02:53.538Z,"B30 然後還在砲我在校板po文🙄謝謝姐 氣勢就是不一樣
B31 謝謝你這麼認真的回答這段小歷史😂
B33 那篇文章的新聞稿還是說明公私併 董事等程序規章複雜難以實施呢 不過教育部公公併是真有的有一案是跟高大未果 不過最近他們說的小道消息 中山跟高大教授都跟他們說快併了 所以才有此事被提起再考試版TT",34,56
500,2019-02-23T16:25:23.418Z,"要跟垃圾學店併校還不如跟高醫併，可撥

好險我要去114了",35,56
501,2019-02-23T17:25:52.176Z,我覺得不行...辛辛苦苦考上中山結果要併校？早知道這樣就不要考指考了,36,56
502,2019-02-24T06:34:44.310Z,b36別想太多啦應該沒那麼快而且距離那麼遠…………,37,56
503,2019-02-24T10:27:48.693Z,"https://i.imgur.com/DTgcWjh.png
ㄏㄏ",38,56
504,2019-02-24T11:55:05.387Z,B14 「大陸」請正名「中國」避免被說矮化人家國格，網路發言一不注意就會被進攻，請小心,39,56
505,2019-02-24T13:05:56.525Z,"來吃我們的校名講話還那麼大聲
閉嘴旁邊乖乖坐好可以嗎",40,56
506,2019-02-24T14:05:32.208Z,"B18
我是從那轉來的學生xD
不過我是不擔心啦
依照那邊的風氣
大概只會吃飽刷學歷
那邊的人哦
大概8成去當作業員吧  就不嘴一堆高__電機的普物一票去修高大物理的課了 那老師紅到非理工學群都知道那老師佛爆
我看連製程都進不去（這裡我要提醒一下
珍愛生命   遠離製程！！）
如果真的合併也是沒差
反正我要的只是在中山的讀書氛圍
混學歷的  主管在試用期就把妳這人看透了
自己人生自己負責  這種學店心態可能猴子都不屑搶他們的食物吧
況且要併校還得看看高大的教職員工們願不願意呢（p.s中山的升等制度難易度僅次台大哦）",41,56
507,2019-02-24T14:29:20.216Z,"B38 你上面搭配看 你有在唸大學嗎？ 哈哈哈哈 戳中我笑點
是啊 真的是看了之後超級不舒服 扯到一個境界
B41 嘿 你好 我不是故意要挑你們出來 抱歉
只是覺得說譬如你也是辛苦轉學考過來 然後併校後那四屆無痛升級 這種感覺就好像打臉當初我們努力付出多少時間 真不知道台灣教育是出了什麼問題... 少子化竟然波及的是我們 清華已經是血淋淋的案例了
BTW 猴子可以搶他們的好嗎 嗚嗚
不過人家可說了呢 我們只是高大西灣校區 所以校本部還是在楠梓呢
逼不得以 只好像B9說的猴子打包送過去 撒咪酥",42,56
508,2019-02-24T14:31:20.482Z,"p42要併就併啊xD
出去工作2、3年後誰會在意你的學校
實質有用的只是工作經歷
而事實上公司都是看你們的學長姐表現去評斷你的學歷
要當白老鼠我這屆也是前幾屆
對我影響不大啦

而且公司的人資部門不是低能兒
他們都瞭解的呢",43,56
509,2019-02-24T14:34:31.919Z,b41沒針對你啦你很優秀繼續加油,44,56
510,2019-04-05T12:10:08.944Z,看來真的有動作了..............,45,56
511,2018-10-12T17:32:24.355Z,"高科大笑中山？？？
到底誰比較好笑😂",1,57
512,2018-10-12T18:05:15.274Z,"不重要啦
反正連中山學生自己都在笑中山了
自己學生都這樣吃裡扒外
還有誰想挺中山",2,57
513,2018-10-13T10:26:14.429Z,"那個人也真好笑
雖然中山跟台大差距不小
但高科什麼時候有資格拿來跟中山比了",3,57
514,2018-10-10T06:49:19.530Z,10年後吧😁,1,58
515,2018-10-10T06:56:50.056Z,看來有人想去接任台大的校長,2,58
516,2018-10-10T07:45:06.624Z,合併台大就台大生?沒台大實力就別傻了,3,58
517,2018-10-10T07:45:50.843Z,說個笑話 北台大南中山,4,58
518,2018-10-10T08:31:04.858Z,"為了讓112看到我們的誠意
應該推動獼猴外交
把可愛的吱吱送給他們",5,58
519,2018-10-10T11:11:57.672Z,"後來出的新聞比較完整：
https://www.chinatimes.com/realtimenews/20181010002105-260405
http://m.ltn.com.tw/news/life/breakingnews/2576635
不過學校有危機意識也是好事啦，如果能一鼓作氣地建成醫學院跟擴大學校聯盟，甚至鬆綁法規也是好事。",6,58
520,2018-10-10T11:20:24.786Z,"跟台大併校大概就多了經費 對學生實質好處不知道有多少
但和高醫併就有很多碰撞能期待了",7,58
521,2018-10-10T11:23:22.344Z,中山加油 排名upup?,8,58
522,2018-10-10T11:24:11.871Z,4大4中全部合併好了？！,9,58
523,2018-10-10T11:44:54.994Z,跟成大併啊，然後全變成大生,10,58
524,2018-10-10T16:20:46.132Z,"我們有猴子
他們有嗎
笑話",11,58
525,2018-10-10T17:25:52.135Z,台灣大學(南部猴子校區),12,58
526,2018-10-10T23:46:50.052Z,"B11
沒有猴子？簡單啊～移民一卡車過去，不久後新聞就會寫猴子搭捷運洗劫臺北市",13,58
527,2018-10-11T04:04:32.966Z,"這兩天刷下新聞評論
被網民貶的真是一文不值
不知道還以為中山就是三流私立學校
超白爛",14,58
528,2018-10-11T18:39:26.851Z,乾脆全臺灣的大學通通整併，變成臺灣大學中山分校、高雄分校、成功分校、清華分校，臺灣的大學生就簡稱臺大生吧,15,58
529,2018-10-12T07:31:33.871Z,北中山南台大啦乾,16,58
530,2018-09-27T02:09:39.093Z,希望能趕快併個3類學校QQ,1,59
531,2018-09-27T09:19:37.120Z,"別想了
中山都有點學店起來了
其他國立學校更學店R

併高醫？
私立國立併還是十年後再說吧",2,59
532,2018-09-27T15:07:07.456Z,可以跟高榮合併嗎?當附設醫院,3,59
533,2018-09-27T18:41:43.021Z,B3 皇上開學的時候說想要四年內成立醫學院，看起來合併高醫基本沒戲，但是可能維持合作模式，直接挖（或者合聘）一些教授過來，高榮之前有風聲傳出，似乎還蠻有可能的樣子~,4,59
534,2018-09-27T18:45:51.585Z,B2 現在高雄的幾所大學都各有山頭，確實只能自力更生了~,5,59
535,2018-10-01T17:54:43.123Z,中山真的好廢嗚嗚,6,59
536,2018-10-02T00:30:59.449Z,B6 不會啦名字至少是大家都有聽過的 大不了研究所洗一波,7,59
537,2018-10-08T07:51:09.502Z,南台大北中山沒聽過？,8,59
538,2018-10-08T13:01:13.702Z,今天清華陽明開會啦,9,59
539,2018-10-08T13:02:16.650Z,B4 你這風聲本該給個連結？造謠一張嘴，闢謠跑斷腿啊,10,59
540,2018-10-10T04:06:08.535Z,"B10 兩邊本來就有「榮中計劃」了，都說是風聲還能滿世界新聞報導（去問學校領導更直接），丟個自由爛報的報導給你：http://news.ltn.com.tw/news/life/paper/1234378
今年的進展是跟高雄其他醫院都簽完合作協議了吧：https://tw.news.yahoo.com/產學合作-中山大學連結九家醫院-110456634.html",11,59
541,2018-10-10T04:08:47.083Z,"B8 感覺你的預言快成真了 笑
https://udn.com/news/story/7266/3413779",12,59
542,2018-09-16T04:25:55.737Z,https://udn.com/news/story/7266/3352316 消息源出處，隨著中山在各大排行榜掉出前500，甚至向世界前1000挪出，成立醫學院似乎大有裨益。具體參考廣州中山大學，20年前合併了中山醫學院，從寂寂無聞到如今常年穩居各大權威大學排行榜的200名左右,1,60
543,2018-09-16T05:14:02.688Z,"我覺得就把台中的中山醫一起併就好了
這樣還可以解決大家
常把中山跟中山醫搞混的問題👍👍",2,60
544,2018-09-16T06:48:44.355Z,B2 我覺得中國醫併校中山醫，這樣才不會搞混。中山一個就好。,3,60
545,2018-09-16T10:44:15.167Z,乾脆叫中興把中山醫跟中國醫一起併 更不會搞混,4,60
546,2018-09-16T12:14:13.444Z,坐等國內國外排名上升！？,5,60
547,2018-09-16T16:13:13.562Z,洗出去不就好了= =,6,60
548,2018-09-17T11:48:24.954Z,仁武校區與成立醫學院加醫院，中山的最後一塊拼圖。,7,60
549,2018-09-17T12:53:44.483Z,B7 什麼意思,8,60
550,2018-09-19T07:41:09.267Z,B7 真的嗎？,9,60
551,2018-09-20T17:06:18.699Z,因為加上醫學院感覺一二三類科系就齊全了 ，變成完整的綜合大學。,10,60
